"x","y","z","r"
0,0,0,0.00375441759167966
1,0,0,0.101106469427576
2,0,0,0.0833480085804525
3,0,0,0.0835255655397883
4,0,0,0.00740528564472194
5,0,0,-0.0132810505586468
6,0,0,-0.0592354224570565
7,0,0,-0.0131002929902906
8,0,0,-0.0359274146143726
9,0,0,-0.0174705771272379
10,0,0,-0.0187487569227461
11,0,0,0.00478975308089009
0,1,0,0.0293069493618903
1,1,0,0.0459315081697689
2,1,0,0.0488853964621677
3,1,0,0.0527309096103211
4,1,0,0.0646726727124357
5,1,0,0.0244624917334787
6,1,0,-0.00536136290895279
7,1,0,-0.045168089513519
8,1,0,-0.00642400491358693
9,1,0,-0.0106881500321622
10,1,0,-0.00492141706527676
11,1,0,0.0248894851128033
0,2,0,0.01516823965831
1,2,0,0.058099501337391
2,2,0,0.0355019972562503
3,2,0,0.0795702280081056
4,2,0,0.0572134295089038
5,2,0,0.0577793885193973
6,2,0,-0.0311902320510947
7,2,0,-0.0185673945934665
8,2,0,-0.0253282787935401
9,2,0,0.038955490751114
10,2,0,0.0046580028769936
11,2,0,0.0360415633215191
0,3,0,-0.0227455404001316
1,3,0,0.0376364500807906
2,3,0,0.0902619672691561
3,3,0,0.0860024481087754
4,3,0,0.124911676944896
5,3,0,0.0927416856107644
6,3,0,0.103879765176273
7,3,0,0.0742015596066637
8,3,0,0.0665834059867196
9,3,0,0.0631556793319048
10,3,0,0.0575669537319802
11,3,0,0.0975992900753329
0,4,0,-0.0545160091964827
1,4,0,0.025568811759543
2,4,0,0.0491650530719346
3,4,0,0.126855575269397
4,4,0,0.127145661684484
5,4,0,0.134266152867691
6,4,0,0.0748981583463047
7,4,0,0.0984899906668734
8,4,0,0.0742177493429364
9,4,0,0.140124372004202
10,4,0,0.0676569446806493
11,4,0,0.127213269786242
0,5,0,0.000855109814500692
1,5,0,0.024332578454384
2,5,0,0.088280122009195
3,5,0,0.163622657339573
4,5,0,0.140563529133877
5,5,0,0.137466175121617
6,5,0,0.158044765016854
7,5,0,0.0854650766777712
8,5,0,0.0650616406144719
9,5,0,0.151797182092576
10,5,0,0.109377502415438
11,5,0,0.10782860147862
0,6,0,0.0503201432235845
1,6,0,0.0822265740295682
2,6,0,0.112095265627651
3,6,0,0.145458311486737
4,6,0,0.138054969735438
5,6,0,0.111602162282603
6,6,0,0.0927773415689396
7,6,0,0.0710407697446849
8,6,0,0.0393494420258694
9,6,0,0.075590936454764
10,6,0,0.0991584499469992
11,6,0,0.0800372220636192
0,7,0,-0.0473855447234708
1,7,0,0.0521296287305962
2,7,0,0.122005733438864
3,7,0,0.115097642248939
4,7,0,0.176784588043031
5,7,0,0.186731016436509
6,7,0,0.103419616048347
7,7,0,0.0597544291205607
8,7,0,0.0574005122892013
9,7,0,0.00723359303057753
10,7,0,0.0600710596933021
11,7,0,0.0998171794860686
0,8,0,-0.116670095698231
1,8,0,-0.0420744512340397
2,8,0,-0.0140305126259601
3,8,0,0.0322248447178406
4,8,0,0.0685665319953376
5,8,0,0.0971668286573085
6,8,0,0.0516779782635376
7,8,0,0.0781021999997465
8,8,0,0.0544782175228865
9,8,0,-0.0200128753793569
10,8,0,0.0190100961885266
11,8,0,0.00327907913276581
0,9,0,-0.0533007523061748
1,9,0,-0.0942295430888791
2,9,0,-0.0410250452205307
3,9,0,-0.017853052023377
4,9,0,0.0326166993904415
5,9,0,0.0146759601989157
6,9,0,0.0565469724270983
7,9,0,0.015204568429689
8,9,0,-0.0515993539273922
9,9,0,0.00660573050598229
10,9,0,-0.0284329918558109
11,9,0,0.0169078660660284
0,10,0,-0.0696901381824368
1,10,0,-0.0503708965907737
2,10,0,-0.0834433740769161
3,10,0,-0.0708273055552123
4,10,0,-0.0651912717244283
5,10,0,0.00399009135969883
6,10,0,0.0426942312583647
7,10,0,-0.00103055508044192
8,10,0,-0.071992789204513
9,10,0,-0.027687695128894
10,10,0,0.00161914477674155
11,10,0,0.0407977692688709
0,11,0,-0.0705149522408234
1,11,0,-0.0694847945446558
2,11,0,-0.0932090730331826
3,11,0,-0.116439865768925
4,11,0,-0.0354649188349173
5,11,0,-0.0125501299098808
6,11,0,0.0261863397820811
7,11,0,0.0186822940719095
8,11,0,-0.0192724517732524
9,11,0,-0.0044495627419053
10,11,0,0.0349420154234613
11,11,0,0.0688047133110081
0,0,1,0.072746816982234
1,0,1,0.133493147958725
2,0,1,0.110322844514276
3,0,1,0.0794256054039336
4,0,1,0.0404101688029142
5,0,1,-0.100586459785791
6,0,1,-0.0845524115609373
7,0,1,-0.0891627923826846
8,0,1,-0.0357684711833471
9,0,1,-0.0712861951092259
10,0,1,-0.0715611088079016
11,0,1,-0.0346304586343432
0,1,1,0.0322846036328067
1,1,1,0.0781609269356931
2,1,1,0.0875424359437328
3,1,1,0.0981147426174559
4,1,1,0.0290874845186423
5,1,1,-0.0220993113839665
6,1,1,-0.0414308169138977
7,1,1,-0.0105650747207705
8,1,1,-0.0573718908419061
9,1,1,-0.0036957687265999
10,1,1,-0.0377319254556365
11,1,1,-0.0188668688497477
0,2,1,0.0330897173164978
1,2,1,0.0338723338021628
2,2,1,0.0703053996569638
3,2,1,0.0614282559458283
4,2,1,0.0639688285904239
5,2,1,-0.0433564572965102
6,2,1,0.00578919076367695
7,2,1,-0.0175482730901505
8,2,1,0.0270348344537856
9,2,1,0.00283748727228334
10,2,1,0.0449883010420132
11,2,1,0.00775411778750394
0,3,1,-0.0101197882298372
1,3,1,0.034269133987213
2,3,1,0.0541804060998
3,3,1,0.153993155057032
4,3,1,0.0989555074382099
5,3,1,0.0916645216222188
6,3,1,0.0863441024808515
7,3,1,0.101839274469258
8,3,1,0.0629026187844494
9,3,1,0.101683130720381
10,3,1,0.0328145971976782
11,3,1,0.0891453459976187
0,4,1,-0.0663226078344409
1,4,1,-0.00138785957054446
2,4,1,0.0218005797562182
3,4,1,0.0736033966197819
4,4,1,0.0991049080763261
5,4,1,0.0985558666396207
6,4,1,0.128863693691554
7,4,1,0.0991634943646223
8,4,1,0.0809990038829252
9,4,1,0.117260628912848
10,4,1,0.0848673708996783
11,4,1,0.0778498876868095
0,5,1,-0.0484342969438872
1,5,1,0.0160826208697891
2,5,1,0.053083514059203
3,5,1,0.137189024544168
4,5,1,0.127710452011014
5,5,1,0.0923705709614605
6,5,1,0.107481942530829
7,5,1,0.139263154883971
8,5,1,0.0724005960745744
9,5,1,0.0646721994681201
10,5,1,0.0783223089301252
11,5,1,0.133139785150071
0,6,1,0.0912061463526664
1,6,1,0.058232402752813
2,6,1,0.0906580588585612
3,6,1,0.122929031165158
4,6,1,0.135387831999822
5,6,1,0.0880237296490371
6,6,1,0.0928098304367957
7,6,1,0.0779244721463905
8,6,1,0.0883128704409026
9,6,1,0.0442818226926526
10,6,1,0.0817215978262359
11,6,1,0.0735989900848498
0,7,1,0.00575682116109024
1,7,1,0.0713007335327087
2,7,1,0.0598740983340342
3,7,1,0.136085416836691
4,7,1,0.171338765634818
5,7,1,0.164391323315747
6,7,1,0.135771132371234
7,7,1,0.0470048698481366
8,7,1,0.0631294611749834
9,7,1,-0.00888193977482549
10,7,1,0.00579020810851879
11,7,1,0.0828482750053551
0,8,1,-0.037052123909267
1,8,1,-0.0104448747153022
2,8,1,-0.0131086854525471
3,8,1,-0.0185047234472531
4,8,1,0.0990369669803859
5,8,1,0.107872700714159
6,8,1,0.0647054186192562
7,8,1,0.0211915742442961
8,8,1,-0.0560791263900861
9,8,1,-0.0045517649409212
10,8,1,-0.0289084115983751
11,8,1,-0.018915223299819
0,9,1,-0.0271403438784724
1,9,1,0.0236245985460714
2,9,1,-0.0393760204480017
3,9,1,0.00892977416395638
4,9,1,0.0169942746521296
5,9,1,0.0420740433917513
6,9,1,0.0349296022605724
7,9,1,0.0561208552262744
8,9,1,-0.0494314334379206
9,9,1,-0.0993707437842535
10,9,1,-0.0419955705117527
11,9,1,0.0261787886042707
0,10,1,-0.00196448145644877
1,10,1,-0.049502660684154
2,10,1,-0.0821077533172787
3,10,1,-0.0493741440978028
4,10,1,0.0355766135630778
5,10,1,0.00521914215606863
6,10,1,-0.013179023258928
7,10,1,-0.0341823996902597
8,10,1,-0.0282877203592328
9,10,1,-0.0464885131478056
10,10,1,-0.0311483220692667
11,10,1,0.0236170127604823
0,11,1,-0.0210138473478302
1,11,1,-0.0714026008274618
2,11,1,-0.10683518522275
3,11,1,-0.060076773260735
4,11,1,0.00667427451202491
5,11,1,-0.0344192218299715
6,11,1,0.0198534696669018
7,11,1,-0.0294827784213746
8,11,1,-0.00263440593127796
9,11,1,-0.024616570614353
10,11,1,0.0110861573551582
11,11,1,0.0362465183105811
0,0,2,0.0935675539972506
1,0,2,0.143146284739786
2,0,2,0.092872315265533
3,0,2,0.0559725381480455
4,0,2,-0.0151165830373524
5,0,2,-0.053129541057847
6,0,2,-0.0928381768609739
7,0,2,-0.0426584468397552
8,0,2,-0.0193827665072012
9,0,2,-0.0280531875186011
10,0,2,-0.0346533750022481
11,0,2,-0.0486417079577092
0,1,2,0.0826817021661255
1,1,2,0.121505266146576
2,1,2,0.118729546520522
3,1,2,0.0650813672697158
4,1,2,0.0499231828343799
5,1,2,0.0674321248791348
6,1,2,0.0185128265261539
7,1,2,0.00993459544000845
8,1,2,-0.0336345859409999
9,1,2,-0.0377905502119055
10,1,2,-0.0133415856337739
11,1,2,-0.017427512705053
0,2,2,0.0399522803688454
1,2,2,0.0956319407995859
2,2,2,0.108427004993047
3,2,2,0.0969402130266146
4,2,2,0.0301131204530517
5,2,2,0.0578485542861897
6,2,2,0.0453768484468176
7,2,2,0.00410393853061047
8,2,2,-0.0562997815164176
9,2,2,0.0675716661573578
10,2,2,0.0494505254207056
11,2,2,0.0354321820279502
0,3,2,0.0159193437332416
1,3,2,0.066473819132544
2,3,2,0.0582107823916803
3,3,2,0.100319578690721
4,3,2,0.0900452214666492
5,3,2,0.086891860149989
6,3,2,0.0467948613913044
7,3,2,0.087000982106038
8,3,2,-0.00911319719434125
9,3,2,0.108602105078613
10,3,2,0.0627517033417185
11,3,2,0.0604405588534907
0,4,2,-0.0471178848447106
1,4,2,0.0058554248136251
2,4,2,0.00492829378973139
3,4,2,0.0729783893650126
4,4,2,0.0764080443600124
5,4,2,0.036175680724135
6,4,2,0.0873206719321282
7,4,2,0.0914897203734185
8,4,2,0.0165020504690163
9,4,2,0.059213773682687
10,4,2,0.0900035411634318
11,4,2,0.0991824022126604
0,5,2,-0.0163146800493411
1,5,2,0.0219934085055601
2,5,2,0.0363215469584439
3,5,2,0.121460842327368
4,5,2,0.104815639735266
5,5,2,0.146590466444151
6,5,2,0.0791894404847883
7,5,2,0.0527609787687093
8,5,2,0.00905046873698782
9,5,2,0.087996964568675
10,5,2,0.163239704740704
11,5,2,0.0566283803987824
0,6,2,0.0172854917045528
1,6,2,0.0175027816693484
2,6,2,0.00552619468923308
3,6,2,0.0599923987648358
4,6,2,0.134627605195865
5,6,2,0.0824953561890711
6,6,2,0.0784393162977004
7,6,2,0.0725294248766441
8,6,2,0.066224241113005
9,6,2,0.0942472994540697
10,6,2,0.121929814808809
11,6,2,0.127364946930243
0,7,2,-0.00624571173554199
1,7,2,-0.0055580183869967
2,7,2,0.0578580029887904
3,7,2,0.115469005028757
4,7,2,0.136347053667896
5,7,2,0.130000037862751
6,7,2,0.0630466458208476
7,7,2,0.0365332405488454
8,7,2,-0.079322253531796
9,7,2,0.0183476614409444
10,7,2,0.0893657537390872
11,7,2,0.0599751415679513
0,8,2,-0.0286073029041694
1,8,2,-0.00729020536002212
2,8,2,-0.0188377326711918
3,8,2,0.0498858051780916
4,8,2,0.118422222970238
5,8,2,0.053960152935607
6,8,2,0.019406121838474
7,8,2,-0.0404600410011345
8,8,2,-0.0917001458691153
9,8,2,-0.0636384429218104
10,8,2,-0.0415809909266248
11,8,2,0.000567292707968597
0,9,2,0.0142989939654876
1,9,2,0.0136219473034612
2,9,2,0.0272723963952023
3,9,2,-0.0220250386952344
4,9,2,0.0702971083816645
5,9,2,0.0509201354267177
6,9,2,0.0260704939385529
7,9,2,0.0164253486145619
8,9,2,-0.0460746374638392
9,9,2,-0.0734385259748027
10,9,2,-0.00702840449131407
11,9,2,0.029767028756227
0,10,2,0.00796249707905742
1,10,2,0.00991298458768463
2,10,2,-0.0492801868000912
3,10,2,-0.0588544635257865
4,10,2,0.013077349184787
5,10,2,-0.00217459542559488
6,10,2,0.0460525697077779
7,10,2,0.00950658716685291
8,10,2,-0.0343061649814754
9,10,2,-0.0649405425298882
10,10,2,0.0204949541106928
11,10,2,0.0593362575755107
0,11,2,0.0193189094170882
1,11,2,-0.0198022426214241
2,11,2,-0.0498051275261136
3,11,2,-0.0426411772518922
4,11,2,-0.00178952857331927
5,11,2,-0.0266635363596505
6,11,2,-0.0244034924397189
7,11,2,-0.00864276226834582
8,11,2,-0.0648464934232702
9,11,2,0.0211732831586895
10,11,2,0.0123910738045091
11,11,2,-0.00867348553449366
0,0,3,0.116473185482539
1,0,3,0.170002681471365
2,0,3,0.16968548610587
3,0,3,0.0946690970151598
4,0,3,0.011623318839525
5,0,3,-0.0445245886096282
6,0,3,-0.0880643714262209
7,0,3,-0.0403228761750737
8,0,3,0.0204282560916402
9,0,3,-0.012109303558383
10,0,3,0.00162197756995915
11,0,3,-0.0298626954130783
0,1,3,0.094620774227176
1,1,3,0.186038687802966
2,1,3,0.134761560417893
3,1,3,0.0794921052139153
4,1,3,0.0431562397522689
5,1,3,0.0664912114447822
6,1,3,0.0644219209709276
7,1,3,8.09538893086045e-05
8,1,3,0.000564961414374952
9,1,3,0.031222653096274
10,1,3,-0.0116823158879137
11,1,3,-0.0341112443854676
0,2,3,0.0772873445016625
1,2,3,0.126464211330484
2,2,3,0.104724591720751
3,2,3,0.0943624173232784
4,2,3,0.0230201056733588
5,2,3,0.0819679577345844
6,2,3,0.0454433256093529
7,2,3,0.00938017301911115
8,2,3,0.0339763232655801
9,2,3,0.0941673065653708
10,2,3,-0.00828664153426333
11,2,3,-0.0656363465637601
0,3,3,-0.00180387606455954
1,3,3,0.0292940549961407
2,3,3,0.0741614063971238
3,3,3,0.0920101341075085
4,3,3,0.0521032378604645
5,3,3,0.0512164421023584
6,3,3,0.0716974405105283
7,3,3,0.0573729898167429
8,3,3,0.0393687950214659
9,3,3,0.0510461312437484
10,3,3,0.0603185149710483
11,3,3,0.00535956856631695
0,4,3,-0.0537855413798678
1,4,3,-0.00898070119642742
2,4,3,0.0402007506341126
3,4,3,0.0350884912327718
4,4,3,-0.0343170594207052
5,4,3,0.0248752759323701
6,4,3,0.0471770603297755
7,4,3,0.0381992847752643
8,4,3,-0.0120640747049256
9,4,3,0.0859951475235505
10,4,3,0.0951824211786647
11,4,3,0.0438665099029798
0,5,3,-0.022592645282894
1,5,3,-0.0273781602121167
2,5,3,0.0322927993044165
3,5,3,0.104161543738972
4,5,3,0.121381848793127
5,5,3,0.000508369430885841
6,5,3,0.049858108704336
7,5,3,-0.0373853284849072
8,5,3,0.0317752480763247
9,5,3,0.0921359243012235
10,5,3,0.129311694228131
11,5,3,0.0810070188947456
0,6,3,-0.0199526122776719
1,6,3,0.021811644076892
2,6,3,0.0349415776637119
3,6,3,0.0424639569062303
4,6,3,0.0487082741870835
5,6,3,0.0544908849407088
6,6,3,0.0233378338691929
7,6,3,-0.000474636626350831
8,6,3,-0.0683768203876882
9,6,3,0.0846777356292345
10,6,3,0.169062147257318
11,6,3,0.136616706429099
0,7,3,-0.00331915573365244
1,7,3,0.0251769322835217
2,7,3,0.0733061603379273
3,7,3,0.0436373079483273
4,7,3,0.110458736190655
5,7,3,0.015999018561459
6,7,3,-0.0498903834523982
7,7,3,-0.148209313087257
8,7,3,-0.114711577395727
9,7,3,-0.056574614997616
10,7,3,0.0818692954591461
11,7,3,0.156233903116606
0,8,3,-0.0144670319617579
1,8,3,-0.00387740550486948
2,8,3,0.0773163989289447
3,8,3,0.109321591866429
4,8,3,0.0392891342774789
5,8,3,0.015914523717355
6,8,3,-0.0961360367540567
7,8,3,-0.134533944004229
8,8,3,-0.214598740332879
9,8,3,-0.0152273089958797
10,8,3,-0.00833455200673877
11,8,3,0.0982036403565512
0,9,3,0.0406113361638925
1,9,3,0.0177921211845867
2,9,3,0.0409995586858113
3,9,3,0.0880119779165613
4,9,3,0.0929325760656224
5,9,3,-0.0146271715461421
6,9,3,0.0565940035956107
7,9,3,-0.0988277561977052
8,9,3,-0.0781230600774423
9,9,3,-0.0934995358282241
10,9,3,0.0414121912627078
11,9,3,0.0339250129113387
0,10,3,0.0202613360441797
1,10,3,-0.0382713822657864
2,10,3,-0.0254968725766397
3,10,3,-0.00973840381883679
4,10,3,0.0141737292220617
5,10,3,-0.0080047161116127
6,10,3,0.0150196912482775
7,10,3,0.0229037810421735
8,10,3,-0.127460776159032
9,10,3,-0.0707567166942035
10,10,3,0.0245964309450911
11,10,3,0.0354157187341487
0,11,3,0.0378312944889227
1,11,3,0.0240586016016563
2,11,3,-0.0151638424006921
3,11,3,-0.0734671956010616
4,11,3,0.00147303587673791
5,11,3,-0.0458602029711114
6,11,3,0.00892160701921939
7,11,3,-0.0711444512172905
8,11,3,-0.0459391173797101
9,11,3,-0.0857483616731154
10,11,3,0.0264366762114696
11,11,3,0.00180945759196714
0,0,4,0.102200459778579
1,0,4,0.157927197503781
2,0,4,0.159113071079697
3,0,4,0.111581042597429
4,0,4,-0.0102840567515644
5,0,4,-0.0258292950181843
6,0,4,-0.0845206182686792
7,0,4,-0.0326947249357366
8,0,4,-0.0614071506002085
9,0,4,-0.0297651256551872
10,0,4,-0.045948332048317
11,0,4,-0.00579672155693681
0,1,4,0.152833541017528
1,1,4,0.183514574693863
2,1,4,0.146370644334696
3,1,4,0.108432965602684
4,1,4,0.0820640489308419
5,1,4,0.0505129328961759
6,1,4,-0.0135875876692793
7,1,4,-0.0356787218121664
8,1,4,-0.0105977303972669
9,1,4,-0.0314714835398243
10,1,4,-0.0572666019525374
11,1,4,-0.031473071073972
0,2,4,0.0937931715258702
1,2,4,0.133707044462721
2,2,4,0.120175150468596
3,2,4,0.183750766094564
4,2,4,0.0408298407215746
5,2,4,0.02277034558952
6,2,4,-0.00150690919862526
7,2,4,0.0596846204394517
8,2,4,-0.0314603707872271
9,2,4,0.0033759429553465
10,2,4,0.0139763599525979
11,2,4,0.0168123272373385
0,3,4,0.0539662288482227
1,3,4,0.0781377944826673
2,3,4,0.0928119977363584
3,3,4,0.101982971887607
4,3,4,0.0597899460071205
5,3,4,0.017375537886072
6,3,4,0.0522524779827866
7,3,4,0.0795637103204626
8,3,4,0.0228219243899025
9,3,4,0.0413189190040351
10,3,4,0.0818376838105462
11,3,4,0.0442598243724813
0,4,4,0.0231376487476708
1,4,4,0.057450190364843
2,4,4,0.0788799413155905
3,4,4,0.0412456839484221
4,4,4,0.025926572119326
5,4,4,-0.0165151951668976
6,4,4,0.022400505669806
7,4,4,0.038809817330234
8,4,4,0.0445410685541772
9,4,4,0.0977303073073681
10,4,4,0.121170217177033
11,4,4,0.0523244146234805
0,5,4,0.0594179197239208
1,5,4,0.0540631857603147
2,5,4,0.0529708106101004
3,5,4,0.0384169764038191
4,5,4,0.0705003042829459
5,5,4,-0.00324537236708336
6,5,4,0.00976287615683903
7,5,4,0.0465228483641185
8,5,4,-0.0146127649430221
9,5,4,0.115731383789013
10,5,4,0.0766152204591287
11,5,4,0.0897405471292069
0,6,4,0.0391805618735259
1,6,4,-0.00682600060314583
2,6,4,-0.000732147479289501
3,6,4,0.0847437621330277
4,6,4,0.0280171426393826
5,6,4,-0.10252090301656
6,6,4,-0.0176891461083418
7,6,4,-0.00934689621691227
8,6,4,-0.00632029626388588
9,6,4,-0.00623540321985817
10,6,4,0.0697163014612041
11,6,4,0.0642836711853143
0,7,4,0.0524613722880078
1,7,4,0.00282061840788981
2,7,4,0.0643723985357841
3,7,4,0.0301881810919587
4,7,4,0.000416841481178548
5,7,4,0.041627172075435
6,7,4,-0.0194265397963723
7,7,4,-0.0976005795063442
8,7,4,-0.136946156904757
9,7,4,-0.00322275802956887
10,7,4,-0.0479167361411742
11,7,4,0.0307273174265885
0,8,4,-0.00314299915507005
1,8,4,0.0329644219285861
2,8,4,0.0368755385534296
3,8,4,0.0157162191675388
4,8,4,0.0409950300848877
5,8,4,0.0327275207857482
6,8,4,0.0212992889395367
7,8,4,-0.0743985349171263
8,8,4,-0.0598028354810969
9,8,4,-0.0772203923848271
10,8,4,0.0492082319352005
11,8,4,0.0017930715401833
0,9,4,0.0781507021344395
1,9,4,0.00241714171915305
2,9,4,0.0441210761415906
3,9,4,0.0121938771335038
4,9,4,0.0173128396427612
5,9,4,-0.0187946999920556
6,9,4,0.0391885295081461
7,9,4,-0.000684943845911812
8,9,4,-0.170132874002811
9,9,4,-0.07628530838934
10,9,4,-0.00566137199761977
11,9,4,0.058660823578497
0,10,4,0.0285554722924664
1,10,4,-0.0188490956853291
2,10,4,-0.0849921378874852
3,10,4,-0.0224861979596947
4,10,4,-0.0325067628782115
5,10,4,-0.0623986621304174
6,10,4,-0.00271358243223781
7,10,4,-0.0150122848227457
8,10,4,-0.0682478702834666
9,10,4,-0.0922738627969953
10,10,4,-0.00292371057738678
11,10,4,0.0251278590890448
0,11,4,0.043891703385953
1,11,4,0.00261343577283507
2,11,4,-0.0520858350271861
3,11,4,-0.118114732565747
4,11,4,0.0143394951694
5,11,4,-0.0151695433005754
6,11,4,-0.0052141407743903
7,11,4,-0.0172111950833242
8,11,4,-0.012168363774333
9,11,4,0.00457985007703489
10,11,4,-0.0024751776619002
11,11,4,0.0645380300504998
0,0,5,0.20330547312339
1,0,5,0.195120135197551
2,0,5,0.110072141419352
3,0,5,0.0643111215394609
4,0,5,0.0334134892427486
5,0,5,-0.0150746299210215
6,0,5,-0.0324969452528461
7,0,5,-0.0360985752263682
8,0,5,-0.000770271545289451
9,0,5,-0.0616987860209176
10,0,5,-0.0777718123353064
11,0,5,-0.00971615767153615
0,1,5,0.209237121614147
1,1,5,0.202028876641204
2,1,5,0.139577335124
3,1,5,0.0771706317845231
4,1,5,0.0217147616733583
5,1,5,0.0245471138614227
6,1,5,-0.00474548925715333
7,1,5,-0.00574465936665682
8,1,5,-0.0209915294856527
9,1,5,-0.0074277702140934
10,1,5,-0.0268722273993904
11,1,5,-0.0390087344476214
0,2,5,0.195521416045122
1,2,5,0.143996001812548
2,2,5,0.124044962032296
3,2,5,0.100419364218317
4,2,5,0.033924071618667
5,2,5,-0.0191854347883803
6,2,5,0.017810753946321
7,2,5,0.0782595005315699
8,2,5,-0.00115680731762876
9,2,5,-0.0426584742832417
10,2,5,0.0270163374654934
11,2,5,-0.00726896699910178
0,3,5,0.153322601609355
1,3,5,0.126108368627802
2,3,5,0.0670775502860186
3,3,5,0.103705321215636
4,3,5,0.0568112165447615
5,3,5,-0.0159115387889235
6,3,5,0.108524298782999
7,3,5,0.093957313605103
8,3,5,0.0696831962470965
9,3,5,0.012983488474037
10,3,5,0.0359808380538865
11,3,5,0.0360167260624428
0,4,5,0.0791309776292224
1,4,5,0.0720499371540079
2,4,5,0.0561259842517157
3,4,5,0.0738748265113627
4,4,5,0.0563872982284463
5,4,5,0.0301918694434983
6,4,5,0.0858209300556872
7,4,5,0.105744183715851
8,4,5,0.081614340996491
9,4,5,-0.0218027809919354
10,4,5,0.0437611800842548
11,4,5,0.00709776231646256
0,5,5,0.107985275220243
1,5,5,0.0713407478262633
2,5,5,-0.00307386464428488
3,5,5,0.0747630565922635
4,5,5,0.0925570457763084
5,5,5,0.0625318698940054
6,5,5,0.108179446954956
7,5,5,0.0486184977109989
8,5,5,0.0530230089621754
9,5,5,0.0143462219213493
10,5,5,0.0389622191415944
11,5,5,0.0407140753307485
0,6,5,0.103672965629777
1,6,5,-0.0325037420326562
2,6,5,0.0367706161428259
3,6,5,0.0193594569367568
4,6,5,0.00753161753694689
5,6,5,0.0378811567790566
6,6,5,0.0503224420543174
7,6,5,-0.0519634003466506
8,6,5,-0.0345929539424926
9,6,5,-0.0092715667013628
10,6,5,-0.00899322286628284
11,6,5,0.0253954407645018
0,7,5,0.0725533000505187
1,7,5,0.00565229787602417
2,7,5,-0.0235703029505872
3,7,5,0.041399884029966
4,7,5,0.054354071919844
5,7,5,0.0677502198961796
6,7,5,0.0206635851840056
7,7,5,-0.0853869461629545
8,7,5,-0.0847043230089538
9,7,5,-0.0582870321407613
10,7,5,-0.0483618294987528
11,7,5,0.0296348605322014
0,8,5,0.0199863435826189
1,8,5,-0.032429660095424
2,8,5,0.0346300573318125
3,8,5,0.025713301654107
4,8,5,0.0621086487780748
5,8,5,0.065871741008132
6,8,5,0.00716444408557956
7,8,5,-0.0274473047718084
8,8,5,-0.0794672933901867
9,8,5,-0.0144661737944615
10,8,5,-0.00579728501514106
11,8,5,0.0189805060325903
0,9,5,0.00439751571666915
1,9,5,-0.0291781723051456
2,9,5,-0.060970753172722
3,9,5,-0.00151684405982322
4,9,5,-0.00597311300186551
5,9,5,-0.0527936753655152
6,9,5,-0.00491892045905354
7,9,5,-0.0904258872593031
8,9,5,-0.00930575583290436
9,9,5,-0.0827915474654978
10,9,5,-0.00735409414504164
11,9,5,0.0299752496133545
0,10,5,0.0041937542046936
1,10,5,-0.114590602783149
2,10,5,-0.102465156727077
3,10,5,-0.0453611829361923
4,10,5,-0.0631739104568173
5,10,5,-0.0936816114823935
6,10,5,-0.0666717111278055
7,10,5,-0.0711582846503293
8,10,5,-0.0283631588707618
9,10,5,0.00661002137223457
10,10,5,0.0286351714677821
11,10,5,0.105373732184488
0,11,5,0.00784416924086378
1,11,5,-0.0694194948456962
2,11,5,-0.126173935995776
3,11,5,-0.0799475297435965
4,11,5,-0.0382137936835835
5,11,5,-0.0470789930536033
6,11,5,-0.0305131951027617
7,11,5,-0.0376806965322539
8,11,5,0.0484803360399668
9,11,5,0.0593819846015393
10,11,5,0.107918583008239
11,11,5,0.0388642252832809
0,0,6,0.092626541113129
1,0,6,0.0847939706707395
2,0,6,0.00554858694795866
3,0,6,-0.0137182844748545
4,0,6,-0.0220555143999106
5,0,6,-0.0278428690765711
6,0,6,-0.0428285267526709
7,0,6,-0.0111007008410553
8,0,6,0.0163173972564484
9,0,6,0.00105643346061096
10,0,6,-0.042626684392457
11,0,6,0.0223186841577784
0,1,6,0.152050675396272
1,1,6,0.131670272073438
2,1,6,0.0599201386799479
3,1,6,0.00483108280692815
4,1,6,0.00110732833597419
5,1,6,-0.018169118070856
6,1,6,-0.0326763544384678
7,1,6,0.0211849856858315
8,1,6,0.0219502128610332
9,1,6,0.0128038716635307
10,1,6,-0.0504903354497567
11,1,6,-0.0287634050564866
0,2,6,0.13091172760273
1,2,6,0.136994312183061
2,2,6,0.0909784208975944
3,2,6,0.0237769801128056
4,2,6,0.043690038820648
5,2,6,0.0382836568694324
6,2,6,0.0298860950695399
7,2,6,0.0406137454263382
8,2,6,0.0428972622946626
9,2,6,0.0524717485235592
10,2,6,0.0292514815700196
11,2,6,0.00407066237006301
0,3,6,0.123424412277753
1,3,6,0.125779361372943
2,3,6,0.0978165546968231
3,3,6,0.0939468837860361
4,3,6,0.0722725411118263
5,3,6,0.0749594434084853
6,3,6,0.0399073432113214
7,3,6,0.10649351575814
8,3,6,0.0750001549220522
9,3,6,-0.0147680538541982
10,3,6,0.0951363851834913
11,3,6,0.0551456319605423
0,4,6,0.110865602340314
1,4,6,0.0871039190832874
2,4,6,0.10207918015906
3,4,6,0.121920516021393
4,4,6,0.150618446020894
5,4,6,0.0250971630265174
6,4,6,0.1207955146211
7,4,6,0.117182194997246
8,4,6,-0.00126408601906472
9,4,6,-0.0037936172983643
10,4,6,0.0193812782753501
11,4,6,0.0522843388888732
0,5,6,0.0810808623955442
1,5,6,0.031985291624412
2,5,6,0.0266720898736809
3,5,6,0.115858350498116
4,5,6,0.0543783195086223
5,5,6,0.0821405501007452
6,5,6,0.048879750024857
7,5,6,0.118646007750397
8,5,6,0.0468303886020584
9,5,6,0.0437050285441673
10,5,6,0.0492582927706895
11,5,6,-0.0346664370251231
0,6,6,0.035220707805848
1,6,6,0.0243391878064749
2,6,6,0.0339271412635797
3,6,6,0.00598190019521399
4,6,6,0.103867292966045
5,6,6,0.0526669546794767
6,6,6,0.00464854549246511
7,6,6,-0.0640637073838484
8,6,6,-0.00179440911956183
9,6,6,0.00777281812944448
10,6,6,-0.025088239460145
11,6,6,0.0366059308428192
0,7,6,-0.0275518322379793
1,7,6,0.00821625961831102
2,7,6,0.0251817653141851
3,7,6,0.0443120325052405
4,7,6,-0.0219592435782237
5,7,6,0.0650804298550876
6,7,6,-0.00708733384053251
7,7,6,-0.0695953989099705
8,7,6,-0.0469754499609901
9,7,6,-0.084098884487748
10,7,6,-0.0144296426898197
11,7,6,0.0288150010802965
0,8,6,-0.00213329440848191
1,8,6,-0.0518258802725706
2,8,6,-0.0101640473084747
3,8,6,0.0100595593341691
4,8,6,0.0310625393500885
5,8,6,-0.0164361557086452
6,8,6,0.0505869418961018
7,8,6,-0.0644970825895671
8,8,6,-0.0642757622984182
9,8,6,0.00417326773706905
10,8,6,-0.00928129565150507
11,8,6,-0.00497265932915739
0,9,6,-0.0143150293011205
1,9,6,-0.0423843443325854
2,9,6,-0.0499445424283911
3,9,6,-0.0324111690485006
4,9,6,-0.101877107785708
5,9,6,-0.0254505002759223
6,9,6,-0.0520295540402071
7,9,6,0.0836127825082583
8,9,6,-0.0353518926593654
9,9,6,0.0360145002456619
10,9,6,0.0358354987596422
11,9,6,0.0352153477662285
0,10,6,-0.0355318078932286
1,10,6,-0.0675442893823084
2,10,6,-0.0758154415795088
3,10,6,-0.108396753656028
4,10,6,-0.0463167007595884
5,10,6,-0.102958348154548
6,10,6,-0.0473177510627472
7,10,6,-0.0449301826003899
8,10,6,0.0480708460334166
9,10,6,0.0412153162575909
10,10,6,0.115173699234781
11,10,6,0.123818601070198
0,11,6,-0.0363039604654316
1,11,6,-0.105252535514154
2,11,6,-0.130891221680418
3,11,6,-0.10594985389984
4,11,6,-0.091640605817357
5,11,6,-0.0713900894598798
6,11,6,-0.066645387374902
7,11,6,0.0291221180311976
8,11,6,0.0875293814205932
9,11,6,0.121445213393211
10,11,6,0.145904009156084
11,11,6,0.140153326788567
0,0,7,0.0852336542568874
1,0,7,0.022278069722528
2,0,7,-0.0418961878332584
3,0,7,-0.0671459585801738
4,0,7,-0.0478037748672807
5,0,7,-0.0558512370317127
6,0,7,-0.0983462174374955
7,0,7,-0.0986024115710458
8,0,7,-0.0097623240270201
9,0,7,-0.0264188147083404
10,0,7,0.0374008084911473
11,0,7,0.00714710902321455
0,1,7,0.0439265018621875
1,1,7,0.0964010724946425
2,1,7,0.0147695135311084
3,1,7,-0.0405807262302209
4,1,7,-0.0520206541903199
5,1,7,0.0103364097744407
6,1,7,-0.0327871799814274
7,1,7,0.00326376437877617
8,1,7,0.019443831427543
9,1,7,0.0438905068575449
10,1,7,0.0147351189746411
11,1,7,0.0122475461370459
0,2,7,0.0361821574062112
1,2,7,0.0742319509724395
2,2,7,0.0491757924269548
3,2,7,0.0139751249566551
4,2,7,0.0545492768657185
5,2,7,0.068408119378717
6,2,7,0.0425979593117107
7,2,7,0.0445833318362654
8,2,7,0.0957663991875015
9,2,7,0.0382977952074472
10,2,7,0.0435521993168694
11,2,7,0.0297586186730505
0,3,7,0.10562732431104
1,3,7,0.110676203882285
2,3,7,0.167501990859253
3,3,7,0.0642955081590149
4,3,7,0.0825539981278811
5,3,7,0.0750801035742353
6,3,7,0.113387508782963
7,3,7,0.114038450785363
8,3,7,0.119961764003474
9,3,7,0.0746607988326907
10,3,7,0.0229060441851601
11,3,7,0.0765032715190498
0,4,7,0.104140432624514
1,4,7,0.0750105256452255
2,4,7,0.11027421263325
3,4,7,0.116452094005652
4,4,7,0.125140559091403
5,4,7,0.0804161942957429
6,4,7,0.0801531533178569
7,4,7,0.0898334906889769
8,4,7,0.0955594010966524
9,4,7,0.0578657154466553
10,4,7,0.0424390925626695
11,4,7,-0.0518453632370461
0,5,7,0.0538931803433456
1,5,7,0.0694928535223709
2,5,7,0.113948223976902
3,5,7,0.11985023252502
4,5,7,0.113567308303259
5,5,7,0.0815260419084215
6,5,7,0.139254804208757
7,5,7,0.0959969392275416
8,5,7,0.125421555836398
9,5,7,0.0129002682252087
10,5,7,0.0102498546210219
11,5,7,-0.0807675427619162
0,6,7,0.0175163991403922
1,6,7,0.08199514152722
2,6,7,0.0729081826011049
3,6,7,0.0953723353769933
4,6,7,0.0691121238820268
5,6,7,0.119947592198964
6,6,7,0.0222016087909572
7,6,7,0.030368793482037
8,6,7,-0.00657150048271802
9,6,7,-0.0561012911213734
10,6,7,-0.0568493989319243
11,6,7,-0.112589743770104
0,7,7,0.0206227789979741
1,7,7,0.0412049779296594
2,7,7,0.108737273066189
3,7,7,0.0395146019712705
4,7,7,0.0203803284520552
5,7,7,0.0315564473512066
6,7,7,0.00295992632277777
7,7,7,-0.117353857330472
8,7,7,-0.0408668623226361
9,7,7,-0.105255658388687
10,7,7,-0.103321297134172
11,7,7,-0.0817952304766234
0,8,7,-0.0354102396487414
1,8,7,0.00131165085484899
2,8,7,-0.0426328877640022
3,8,7,0.000195336238630793
4,8,7,-0.0295227638589916
5,8,7,0.016163255572681
6,8,7,-0.0274784544804633
7,8,7,-0.0268588133892978
8,8,7,-0.116617815666695
9,8,7,-0.0297801857509811
10,8,7,-0.026181745863287
11,8,7,0.025693043569809
0,9,7,-0.0458006314254429
1,9,7,-0.120035147401754
2,9,7,-0.0841790717637948
3,9,7,-0.0175881619017554
4,9,7,0.0134846162301844
5,9,7,-0.135554266792313
6,9,7,0.0472042744688855
7,9,7,-0.0374896838433149
8,9,7,0.0272261637994894
9,9,7,-0.0391568617789843
10,9,7,0.0504537394601852
11,9,7,0.00876099708359544
0,10,7,-0.0980785931689347
1,10,7,-0.129702187188775
2,10,7,-0.0824678447678688
3,10,7,-0.0713175067379807
4,10,7,-0.096413025071922
5,10,7,-0.0619944943222458
6,10,7,-0.0476009263082579
7,10,7,0.081982066712966
8,10,7,-0.0452328807574239
9,10,7,0.0406706986263289
10,10,7,0.0510386861771503
11,10,7,0.0768197684289847
0,11,7,-0.0755554012778718
1,11,7,-0.115319746409648
2,11,7,-0.128281801140952
3,11,7,-0.175949935876663
4,11,7,-0.0908532327541968
5,11,7,-0.0788636276451326
6,11,7,-0.00615263975435855
7,11,7,0.00701418048974836
8,11,7,0.0872301279972862
9,11,7,0.0557878931335545
10,11,7,0.14043986609502
11,11,7,0.103900662751023
0,0,8,0.0702737406790111
1,0,8,0.0229490403771109
2,0,8,-0.023131197558696
3,0,8,-0.0857334675140153
4,0,8,-0.0723177720446729
5,0,8,-0.0311520638866725
6,0,8,-0.0298013102424397
7,0,8,-0.0559961530255513
8,0,8,-0.034929447206442
9,0,8,0.0495826959770742
10,0,8,0.0467987798710096
11,0,8,0.0772167844518869
0,1,8,0.0775983481316527
1,1,8,0.0832542471421037
2,1,8,-0.0203970576465822
3,1,8,-0.0341915700647912
4,1,8,-0.0236069622310206
5,1,8,0.0263064280318649
6,1,8,-0.00722405747668254
7,1,8,-0.00497380461292042
8,1,8,-0.0172225097536135
9,1,8,0.0445301450105312
10,1,8,0.0180921252525615
11,1,8,0.058803805863746
0,2,8,0.0723961032018908
1,2,8,0.0607012696670887
2,2,8,0.0205754600580542
3,2,8,-0.0272922320730438
4,2,8,0.0447011415365325
5,2,8,0.0920365696912166
6,2,8,0.109167976823381
7,2,8,0.0606833274311576
8,2,8,0.0622048475848666
9,2,8,0.0475216339777013
10,2,8,0.0403260077088035
11,2,8,0.058348627223826
0,3,8,0.095835974892044
1,3,8,0.109200069197383
2,3,8,0.0851958984265073
3,3,8,0.101386664520895
4,3,8,0.0826300315080463
5,3,8,0.0960709706246717
6,3,8,0.141572660233868
7,3,8,0.129094641867581
8,3,8,0.0555176959275026
9,3,8,0.0481400308951385
10,3,8,0.108942975754104
11,3,8,0.0447303920393112
0,4,8,0.125913538985818
1,4,8,0.122504379398376
2,4,8,0.105651431607769
3,4,8,0.0627188197728872
4,4,8,0.117304109466373
5,4,8,0.15030888176659
6,4,8,0.160937112789566
7,4,8,0.0743492405941
8,4,8,0.11414514753334
9,4,8,0.0847517646341462
10,4,8,0.10745031679901
11,4,8,0.0233754851095623
0,5,8,0.0595468885754211
1,5,8,0.040647994393909
2,5,8,0.135309252185487
3,5,8,0.0892935458135726
4,5,8,0.0865902849730166
5,5,8,0.138909276210692
6,5,8,0.137373131862987
7,5,8,0.160734471432919
8,5,8,0.091521563825793
9,5,8,0.0985061791642738
10,5,8,-0.0112791068979898
11,5,8,-0.0404097767343445
0,6,8,0.0637514939965673
1,6,8,0.0685504113993693
2,6,8,0.0659704746381429
3,6,8,0.116043408421401
4,6,8,0.0440126340186274
5,6,8,0.0716263293947131
6,6,8,0.127076278327326
7,6,8,0.0988842754231481
8,6,8,0.0290691466765153
9,6,8,-0.0133497493756427
10,6,8,-0.0164833666514156
11,6,8,-0.0774100244705813
0,7,8,0.0627214589801468
1,7,8,0.0899434132337094
2,7,8,0.055952440417111
3,7,8,0.0546679852789637
4,7,8,0.0456062789248473
5,7,8,0.0595583681106186
6,7,8,0.038156858527671
7,7,8,-0.00162062395649249
8,7,8,-0.030648818356617
9,7,8,-0.0159135172040083
10,7,8,-0.0661043512748449
11,7,8,-0.0656686775024724
0,8,8,-0.00558763068971553
1,8,8,0.0332428651649888
2,8,8,-0.0516930588064763
3,8,8,-0.0540593312823139
4,8,8,0.019892824910525
5,8,8,0.0619175565935021
6,8,8,0.0377461388060681
7,8,8,-0.0181572517732643
8,8,8,0.0234696325454441
9,8,8,-0.074497918413624
10,8,8,-0.0279826392616245
11,8,8,-0.0603224155790945
0,9,8,-0.0293042655961369
1,9,8,-0.0945363723101489
2,9,8,-0.0618975468885078
3,9,8,-0.0961272588955285
4,9,8,-0.0417300274848925
5,9,8,0.0243883740551347
6,9,8,0.0226520998387289
7,9,8,0.0735189260171773
8,9,8,-0.0905789527261835
9,9,8,-0.0120766043183291
10,9,8,-0.0306620245506848
11,9,8,-0.0382611891266271
0,10,8,-0.0884884589466845
1,10,8,-0.129919057581425
2,10,8,-0.144017308923232
3,10,8,-0.088385969946918
4,10,8,-0.0864405746292834
5,10,8,-0.0874614508086455
6,10,8,-0.013000959992454
7,10,8,0.0542212731751873
8,10,8,-0.052047772903552
9,10,8,-0.00162101730678331
10,10,8,-0.021751663135289
11,10,8,-0.0385106135637011
0,11,8,-0.0931891847120501
1,11,8,-0.132344452913434
2,11,8,-0.134826961704738
3,11,8,-0.0957675340653531
4,11,8,-0.0244021386445526
5,11,8,-0.0278617243251355
6,11,8,-0.00170674016063938
7,11,8,0.0340679917840448
8,11,8,-0.0429266064883073
9,11,8,0.00504259064452551
10,11,8,-0.0332385794017429
11,11,8,0.033995774950309
0,0,9,-0.00387658308822258
1,0,9,-0.075505661095961
2,0,9,-0.0544697933935995
3,0,9,-0.0125074010186767
4,0,9,-0.0788812185750219
5,0,9,-0.088863598272496
6,0,9,-0.0068002365697895
7,0,9,0.0347768086374631
8,0,9,-0.0212010576301205
9,0,9,0.0367061392750225
10,0,9,0.0531143959407826
11,0,9,0.0461458780007571
0,1,9,-0.0241140193638586
1,1,9,-0.0206660290121771
2,1,9,0.0289028489509034
3,1,9,-0.000302912575700228
4,1,9,-0.0313893162399694
5,1,9,-0.00890795585225547
6,1,9,-0.00326481986919553
7,1,9,0.0286431933810508
8,1,9,0.027813371371089
9,1,9,0.075081752910838
10,1,9,0.024349074521056
11,1,9,0.0412469789804612
0,2,9,-0.017443048395008
1,2,9,0.0262335647637347
2,2,9,0.0368452391700565
3,2,9,0.0132931012252444
4,2,9,0.0528009104509335
5,2,9,0.0594029744269031
6,2,9,0.13279246384255
7,2,9,0.0981798601452512
8,2,9,0.0751335596426768
9,2,9,0.0170906097891755
10,2,9,0.0656710831247969
11,2,9,-0.0222385264639523
0,3,9,0.0427029466756189
1,3,9,0.0938295908861623
2,3,9,0.146674955930984
3,3,9,0.10384052070259
4,3,9,0.152351647183263
5,3,9,0.129511835863976
6,3,9,0.210836009558669
7,3,9,0.134629206070888
8,3,9,0.0786529161977192
9,3,9,0.0879605306886634
10,3,9,0.0823859794452315
11,3,9,0.0176448083898574
0,4,9,0.113034716706709
1,4,9,0.0709991993024783
2,4,9,0.0964263681464439
3,4,9,0.149953664415396
4,4,9,0.134689291129039
5,4,9,0.103793450802045
6,4,9,0.139634045694293
7,4,9,0.112533952349357
8,4,9,0.0900225883379642
9,4,9,0.00691566800564197
10,4,9,0.0902284461780674
11,4,9,0.0159446210833476
0,5,9,0.0512927296439971
1,5,9,0.0676466391679026
2,5,9,0.0729918017493521
3,5,9,0.106769927962793
4,5,9,0.100495238338635
5,5,9,0.118669862743957
6,5,9,0.102198423579278
7,5,9,0.0159750151880352
8,5,9,0.0155479760829134
9,5,9,0.0106475394403911
10,5,9,-0.0792498426997067
11,5,9,-0.0446046218161054
0,6,9,0.0742914291390935
1,6,9,0.0861335279931597
2,6,9,0.0540766653135032
3,6,9,0.00560204228123407
4,6,9,-0.0154851803692878
5,6,9,0.0902875502565201
6,6,9,0.0674824252095763
7,6,9,-0.00801502562696845
8,6,9,-0.0167389797121563
9,6,9,-0.0779689625821877
10,6,9,-0.0501587395722867
11,6,9,-0.0439488591715941
0,7,9,0.0463585970645659
1,7,9,0.0822815147476489
2,7,9,0.0681426051422934
3,7,9,-0.0165009134804267
4,7,9,0.0488377265084813
5,7,9,0.00284134276840528
6,7,9,-0.0399413778633333
7,7,9,-0.000985553164387193
8,7,9,-0.0864777712353276
9,7,9,-0.0885474316082549
10,7,9,-0.0872553382648236
11,7,9,-0.0466271887742573
0,8,9,0.00916994852573473
1,8,9,0.00209301909685185
2,8,9,-0.00772931648834598
3,8,9,0.024681982085133
4,8,9,0.0771724620597492
5,8,9,0.0538083807327516
6,8,9,-0.0397813370896329
7,8,9,-0.0327788385663474
8,8,9,-0.0581230845525588
9,8,9,-0.103164455051482
10,8,9,-0.0951081332400278
11,8,9,-0.0617663162857991
0,9,9,-0.0709206326814367
1,9,9,-0.0407656474992526
2,9,9,-0.0386672537578129
3,9,9,-0.0131592510100222
4,9,9,0.024064283169655
5,9,9,-0.0130515802371097
6,9,9,0.0314356044364733
7,9,9,-0.0660263430736865
8,9,9,-0.0364366992209521
9,9,9,-0.0438250702381937
10,9,9,-0.0930779755881104
11,9,9,-0.063962363735576
0,10,9,-0.066330011495468
1,10,9,-0.0467189463958439
2,10,9,-0.108037660281659
3,10,9,-0.0538094730966523
4,10,9,-0.00819920082759792
5,10,9,-0.0138225480428906
6,10,9,-0.0204270218841221
7,10,9,-0.041041037839685
8,10,9,-0.036513114142351
9,10,9,-0.0203015101921996
10,10,9,-0.0700922146402711
11,10,9,-0.0605470190486761
0,11,9,-0.109534125135593
1,11,9,-0.0881019393692872
2,11,9,-0.088114671422458
3,11,9,-0.0960971218116926
4,11,9,-0.00876683855622771
5,11,9,-0.0467203848008257
6,11,9,-0.0478284081500801
7,11,9,-0.0495388246120345
8,11,9,-0.0426250088371764
9,11,9,-0.038703876810544
10,11,9,-0.0810863508786764
11,11,9,-0.105981558702586
0,0,10,-0.0723341967918915
1,0,10,-0.135212898425162
2,0,10,-0.141251133619082
3,0,10,-0.0373800770705489
4,0,10,-0.0566450547603264
5,0,10,-0.11326032250208
6,0,10,-0.0210052358141064
7,0,10,0.00627507188167758
8,0,10,-0.000666351836213583
9,0,10,0.0539158679606368
10,0,10,-0.00771629983780147
11,0,10,0.00813576340968819
0,1,10,-0.0708250095919528
1,1,10,-0.106815828983504
2,1,10,-0.069177443624607
3,1,10,0.0116195024786702
4,1,10,0.0363286605038275
5,1,10,-0.0598358754203374
6,1,10,0.0102507494651216
7,1,10,0.00923372087034314
8,1,10,0.010977358006066
9,1,10,0.0126996055207311
10,1,10,0.0283594540079522
11,1,10,-0.0115055902504158
0,2,10,-0.0649316350027491
1,2,10,-0.0161436031878619
2,2,10,0.0889262489477414
3,2,10,0.0447691206030553
4,2,10,0.0786242912907474
5,2,10,0.0498618982133577
6,2,10,0.0770542043019306
7,2,10,0.107181554584276
8,2,10,0.0607046169693613
9,2,10,0.0578075688760963
10,2,10,-0.0107083938021246
11,2,10,-0.0213329244878234
0,3,10,0.0226403966693118
1,3,10,0.0385676230858845
2,3,10,0.0525208376315817
3,3,10,0.131403422578573
4,3,10,0.159890542952643
5,3,10,0.113837440262864
6,3,10,0.0879550265932446
7,3,10,0.0529147475093616
8,3,10,0.104608785009384
9,3,10,0.0156128646692917
10,3,10,0.0921997828369513
11,3,10,0.0163711833312965
0,4,10,0.104455893866686
1,4,10,0.086023981173158
2,4,10,0.0757698882294911
3,4,10,0.157893104691734
4,4,10,0.171166296792857
5,4,10,0.0614606611977238
6,4,10,0.0984503084332974
7,4,10,0.110095843273295
8,4,10,0.0873967626525315
9,4,10,-0.00608789944871983
10,4,10,-0.0125772378459801
11,4,10,-0.0220703761272261
0,5,10,0.0259625283500633
1,5,10,0.0263003028851816
2,5,10,0.0196816729114926
3,5,10,0.0975220859533089
4,5,10,0.122654262056342
5,5,10,0.034707580792406
6,5,10,-0.0200852847268397
7,5,10,0.0119698282904437
8,5,10,-0.0272422607057846
9,5,10,-0.05867167505777
10,5,10,0.0144159720733336
11,5,10,-0.0387374167217763
0,6,10,0.0150066420609895
1,6,10,0.0779157805088086
2,6,10,0.09150290740498
3,6,10,-0.0139200099836426
4,6,10,0.00498585247895606
5,6,10,-0.0186433552238785
6,6,10,-0.0747295750364721
7,6,10,0.0182117270199624
8,6,10,-0.0212888188156527
9,6,10,-0.0136982518224485
10,6,10,-0.0773632316911328
11,6,10,0.0092325189652198
0,7,10,0.0200643371499079
1,7,10,0.0695676005663569
2,7,10,0.0262934742140329
3,7,10,0.00390425162579122
4,7,10,-0.0236110736806694
5,7,10,0.029945917793611
6,7,10,-0.0857780382444762
7,7,10,-0.0574662888047079
8,7,10,-0.0531711654125989
9,7,10,-0.0766534261021248
10,7,10,-0.0622669810806498
11,7,10,-0.0207523469072429
0,8,10,0.0311637660507031
1,8,10,4.44668100084155e-05
2,8,10,-0.0437999019211626
3,8,10,-0.0359798305205146
4,8,10,0.037332097782222
5,8,10,-0.060447985138597
6,8,10,-0.0372742101189661
7,8,10,-0.051950196495526
8,8,10,-0.0643584619832092
9,8,10,-0.172389493120567
10,8,10,-0.179342859663515
11,8,10,-0.132180130012035
0,9,10,-0.0299636449848695
1,9,10,0.0216300005450821
2,9,10,-0.049753510304627
3,9,10,-0.0297481487857276
4,9,10,0.0145668988163319
5,9,10,0.0625637721224858
6,9,10,-0.0582880229396798
7,9,10,0.0199618157309563
8,9,10,-0.0873612500982993
9,9,10,-0.0815592189916335
10,9,10,-0.122319137559701
11,9,10,-0.146333678808239
0,10,10,-0.0695395885869647
1,10,10,0.00204830115066873
2,10,10,0.00576494360507104
3,10,10,-0.0325777492507109
4,10,10,-0.00799225573214788
5,10,10,-0.00194236148785435
6,10,10,0.0304051327505048
7,10,10,-0.00194283932263391
8,10,10,-0.00838550092161129
9,10,10,-0.0969695706683569
10,10,10,-0.0998181913028322
11,10,10,-0.103877191171988
0,11,10,-0.123215175058313
1,11,10,-0.0343127845699165
2,11,10,-0.0698811222039224
3,11,10,-0.0518873282763263
4,11,10,-0.073943487758549
5,11,10,0.0366051252714486
6,11,10,-0.0138852840001511
7,11,10,-0.0185604541346877
8,11,10,-0.0606534723084402
9,11,10,-0.0931336243473941
10,11,10,-0.0786453831187224
11,11,10,-0.0821430368573409
0,0,11,-0.115481285005795
1,0,11,-0.091798146355817
2,0,11,-0.11033885549226
3,0,11,-0.0272101412280803
4,0,11,-0.095098377905552
5,0,11,-0.079244954619817
6,0,11,-0.0471920120861022
7,0,11,-0.0605668883783681
8,0,11,0.00144191190165292
9,0,11,-0.00836050340992383
10,0,11,0.00622539564700307
11,0,11,0.0137685252745641
0,1,11,-0.0318292229079246
1,1,11,-0.0246886216633601
2,1,11,-0.0471321442896462
3,1,11,0.0445290332490747
4,1,11,0.0326418024210052
5,1,11,0.00455314085503553
6,1,11,-0.0130560738287904
7,1,11,-0.0126733703132804
8,1,11,-0.0169295961442232
9,1,11,0.0232197681567192
10,1,11,-0.00789336523113771
11,1,11,-0.0258272469279155
0,2,11,-0.0310748614245764
1,2,11,0.0102795462799068
2,2,11,-0.0116973742092975
3,2,11,0.0472055756050372
4,2,11,0.0534318431679126
5,2,11,-0.00312492437979836
6,2,11,0.0054914188141732
7,2,11,0.00961358937949825
8,2,11,0.0268590754524128
9,2,11,-0.07277399314219
10,2,11,-0.0230394180901234
11,2,11,-0.0745135420270931
0,3,11,0.0563995729452192
1,3,11,0.0553260180866854
2,3,11,0.042435968914921
3,3,11,0.0191690442039048
4,3,11,0.0839682086419632
5,3,11,0.0329103209629871
6,3,11,0.0082751758845324
7,3,11,-0.0105531556225728
8,3,11,0.0333528827864559
9,3,11,0.0117086302288983
10,3,11,-0.0526887573172262
11,3,11,-0.023455733651819
0,4,11,0.064060570834733
1,4,11,0.0538029388410361
2,4,11,0.0270836549314891
3,4,11,0.0426227559093426
4,4,11,0.0739468889872512
5,4,11,0.0171442855698064
6,4,11,-0.00885107774058085
7,4,11,0.0307357711390143
8,4,11,-0.0312078937046019
9,4,11,-0.032298871421898
10,4,11,-0.0749910752105765
11,4,11,-0.0972800755890615
0,5,11,0.0472858006478817
1,5,11,0.0474739040372244
2,5,11,0.0313074810373578
3,5,11,0.0402169515713918
4,5,11,0.0550627439260414
5,5,11,-0.00718867636890154
6,5,11,0.00161232374794394
7,5,11,0.0254817038254771
8,5,11,-0.0594376204310078
9,5,11,-0.0598700553949411
10,5,11,-0.0349481499275322
11,5,11,-0.0812502956020374
0,6,11,0.0202140227617736
1,6,11,0.0749062926099789
2,6,11,0.0178495854916915
3,6,11,-0.0199352666053926
4,6,11,0.0176357851659221
5,6,11,-0.0152344029090999
6,6,11,-0.00969599131333528
7,6,11,0.0162900514928484
8,6,11,-0.0371056938180797
9,6,11,-0.0827510580603667
10,6,11,-0.0130822481564352
11,6,11,-0.0591489729364401
0,7,11,0.00439739571082776
1,7,11,0.0397985539684991
2,7,11,0.020906887237611
3,7,11,0.0513435451334481
4,7,11,0.0287659461015102
5,7,11,-0.00115764058926418
6,7,11,-0.0793522722121637
7,7,11,-0.0472037138158445
8,7,11,-0.0888227213460812
9,7,11,-0.116278123200736
10,7,11,-0.117235494323874
11,7,11,-0.092211571912633
0,8,11,-0.0236379252677767
1,8,11,0.011673924757109
2,8,11,-0.0123053771934487
3,8,11,-0.022481462086249
4,8,11,0.00543850610180435
5,8,11,-0.0554385529563611
6,8,11,-0.0848009741657825
7,8,11,-0.0218885694675736
8,8,11,-0.154893861133935
9,8,11,-0.17312849334981
10,8,11,-0.187296371268595
11,8,11,-0.099230515556329
0,9,11,-0.0456553469598504
1,9,11,-0.0168989025834066
2,9,11,-0.0255938572839981
3,9,11,0.0110050199088891
4,9,11,-0.00294538352028635
5,9,11,0.00604939379489695
6,9,11,0.0133751228863647
7,9,11,-0.0436197529554487
8,9,11,-0.0797998278734346
9,9,11,-0.124998799373185
10,9,11,-0.181742908749361
11,9,11,-0.161289842563158
0,10,11,-0.0894632187289147
1,10,11,-0.0137302552870342
2,10,11,-0.000193096138512036
3,10,11,0.00217219926468468
4,10,11,0.0161864001461742
5,10,11,0.0677696724234497
6,10,11,0.0805800026157169
7,10,11,0.0305940218630785
8,10,11,-0.0723498804341849
9,10,11,-0.118740486115919
10,10,11,-0.13713845913741
11,10,11,-0.129589384886362
0,11,11,-0.0720745655521002
1,11,11,-0.0364391001864433
2,11,11,-0.0208035672646287
3,11,11,-0.0545306208583977
4,11,11,0.00338032068960729
5,11,11,0.00388780541692577
6,11,11,0.0290407197273294
7,11,11,0.0305871573720745
8,11,11,-0.0305569588943979
9,11,11,-0.142979433211709
10,11,11,-0.159995264164242
11,11,11,-0.169147515309955
