x,y,z,r
0,0,0,0.00375441759167963
0,0,1,0.07274681698223397
0,0,2,0.09356755399725065
0,0,3,0.11647318548253942
0,0,4,0.10220045977857935
0,0,5,0.20330547312339015
0,0,6,0.09262654111312892
0,0,7,0.08523365425688749
0,0,8,0.07027374067901115
0,0,9,-0.0038765830882225806
0,0,10,-0.0723341967918916
0,0,11,-0.11548128500579487
0,1,0,0.02930694936189027
0,1,1,0.03228460363280674
0,1,2,0.08268170216612554
0,1,3,0.0946207742271759
0,1,4,0.15283354101752805
0,1,5,0.20923712161414731
0,1,6,0.15205067539627207
0,1,7,0.043926501862187536
0,1,8,0.07759834813165285
0,1,9,-0.024114019363858635
0,1,10,-0.07082500959195284
0,1,11,-0.03182922290792446
0,2,0,0.015168239658310052
0,2,1,0.0330897173164979
0,2,2,0.03995228036884545
0,2,3,0.07728734450166264
0,2,4,0.0937931715258704
0,2,5,0.19552141604512235
0,2,6,0.13091172760273032
0,2,7,0.036182157406211266
0,2,8,0.07239610320189087
0,2,9,-0.017443048395008005
0,2,10,-0.06493163500274914
0,2,11,-0.03107486142457636
0,3,0,-0.02274554040013153
0,3,1,-0.010119788229837149
0,3,2,0.015919343733241626
0,3,3,-0.0018038760645595984
0,3,4,0.05396622884822273
0,3,5,0.15332260160935515
0,3,6,0.12342441227775339
0,3,7,0.10562732431103969
0,3,8,0.0958359748920441
0,3,9,0.04270294667561894
0,3,10,0.022640396669311766
0,3,11,0.05639957294521918
0,4,0,-0.05451600919648271
0,4,1,-0.06632260783444091
0,4,2,-0.04711788484471073
0,4,3,-0.05378554137986777
0,4,4,0.02313764874767096
0,4,5,0.0791309776292226
0,4,6,0.11086560234031415
0,4,7,0.10414043262451372
0,4,8,0.12591353898581786
0,4,9,0.1130347167067087
0,4,10,0.10445589386668633
0,4,11,0.06406057083473295
0,5,0,0.0008551098145007297
0,5,1,-0.048434296943887255
0,5,2,-0.016314680049341067
0,5,3,-0.02259264528289407
0,5,4,0.05941791972392079
0,5,5,0.107985275220243
0,5,6,0.08108086239554443
0,5,7,0.05389318034334565
0,5,8,0.05954688857542107
0,5,9,0.05129272964399721
0,5,10,0.025962528350063345
0,5,11,0.04728580064788165
0,6,0,0.05032014322358461
0,6,1,0.0912061463526666
0,6,2,0.017285491704552725
0,6,3,-0.019952612277672078
0,6,4,0.03918056187352582
0,6,5,0.1036729656297774
0,6,6,0.035220707805848024
0,6,7,0.017516399140392335
0,6,8,0.06375149399656735
0,6,9,0.07429142913909362
0,6,10,0.015006642060989481
0,6,11,0.020214022761773597
0,7,0,-0.04738554472347074
0,7,1,0.005756821161090228
0,7,2,-0.00624571173554202
0,7,3,-0.00331915573365247
0,7,4,0.05246137228800781
0,7,5,0.07255330005051876
0,7,6,-0.027551832237979412
0,7,7,0.02062277899797404
0,7,8,0.06272145898014682
0,7,9,0.046358597064565944
0,7,10,0.020064337149908018
0,7,11,0.004397395710827837
0,8,0,-0.11667009569823156
0,8,1,-0.037052123909267064
0,8,2,-0.02860730290416952
0,8,3,-0.014467031961757906
0,8,4,-0.0031429991550699803
0,8,5,0.01998634358261892
0,8,6,-0.00213329440848195
0,8,7,-0.03541023964874141
0,8,8,-0.005587630689715508
0,8,9,0.00916994852573472
0,8,10,0.031163766050703146
0,8,11,-0.02363792526777665
0,9,0,-0.05330075230617491
0,9,1,-0.027140343878472487
0,9,2,0.014298993965487615
0,9,3,0.040611336163892536
0,9,4,0.0781507021344395
0,9,5,0.004397515716669159
0,9,6,-0.014315029301120464
0,9,7,-0.045800631425442974
0,9,8,-0.0293042655961369
0,9,9,-0.07092063268143675
0,9,10,-0.02996364498486948
0,9,11,-0.04565534695985037
0,10,0,-0.06969013818243695
0,10,1,-0.0019644814564488055
0,10,2,0.007962497079057353
0,10,3,0.020261336044179637
0,10,4,0.028555472292466418
0,10,5,0.004193754204693675
0,10,6,-0.03553180789322855
0,10,7,-0.0980785931689348
0,10,8,-0.08848845894668454
0,10,9,-0.06633001149546812
0,10,10,-0.06953958858696481
0,10,11,-0.08946321872891483
0,11,0,-0.07051495224082338
0,11,1,-0.021013847347830208
0,11,2,0.01931890941708828
0,11,3,0.037831294488922695
0,11,4,0.04389170338595298
0,11,5,0.0078441692408638
0,11,6,-0.03630396046543156
0,11,7,-0.07555540127787175
0,11,8,-0.09318918471205019
0,11,9,-0.10953412513559316
0,11,10,-0.12321517505831353
0,11,11,-0.07207456555210015
1,0,0,0.10110646942757592
1,0,1,0.13349314795872474
1,0,2,0.1431462847397862
1,0,3,0.17000268147136532
1,0,4,0.15792719750378156
1,0,5,0.19512013519755125
1,0,6,0.08479397067073959
1,0,7,0.02227806972252814
1,0,8,0.022949040377110822
1,0,9,-0.07550566109596103
1,0,10,-0.13521289842516182
1,0,11,-0.09179814635581698
1,1,0,0.04593150816976894
1,1,1,0.07816092693569304
1,1,2,0.12150526614657571
1,1,3,0.18603868780296645
1,1,4,0.1835145746938631
1,1,5,0.20202887664120478
1,1,6,0.13167027207343748
1,1,7,0.09640107249464253
1,1,8,0.08325424714210379
1,1,9,-0.020666029012177116
1,1,10,-0.10681582898350446
1,1,11,-0.02468862166336013
1,2,0,0.058099501337391134
1,2,1,0.03387233380216278
1,2,2,0.09563194079958598
1,2,3,0.12646421133048386
1,2,4,0.13370704446272108
1,2,5,0.14399600181254857
1,2,6,0.13699431218306116
1,2,7,0.07423195097243937
1,2,8,0.060701269667088706
1,2,9,0.026233564763734653
1,2,10,-0.01614360318786206
1,2,11,0.010279546279906845
1,3,0,0.037636450080790605
1,3,1,0.034269133987212964
1,3,2,0.06647381913254403
1,3,3,0.029294054996140666
1,3,4,0.07813779448266729
1,3,5,0.12610836862780195
1,3,6,0.1257793613729435
1,3,7,0.11067620388228543
1,3,8,0.10920006919738315
1,3,9,0.09382959088616237
1,3,10,0.03856762308588443
1,3,11,0.05532601808668543
1,4,0,0.02556881175954302
1,4,1,-0.0013878595705444166
1,4,2,0.0058554248136250256
1,4,3,-0.008980701196427365
1,4,4,0.057450190364843085
1,4,5,0.07204993715400775
1,4,6,0.08710391908328745
1,4,7,0.07501052564522552
1,4,8,0.12250437939837595
1,4,9,0.07099919930247839
1,4,10,0.08602398117315815
1,4,11,0.05380293884103619
1,5,0,0.02433257845438403
1,5,1,0.016082620869789097
1,5,2,0.021993408505560218
1,5,3,-0.02737816021211669
1,5,4,0.0540631857603148
1,5,5,0.07134074782626332
1,5,6,0.03198529162441214
1,5,7,0.06949285352237095
1,5,8,0.04064799439390917
1,5,9,0.06764663916790262
1,5,10,0.026300302885181516
1,5,11,0.04747390403722436
1,6,0,0.08222657402956826
1,6,1,0.05823240275281296
1,6,2,0.01750278166934836
1,6,3,0.02181164407689201
1,6,4,-0.0068260006031456485
1,6,5,-0.032503742032656234
1,6,6,0.02433918780647496
1,6,7,0.08199514152722014
1,6,8,0.06855041139936924
1,6,9,0.08613352799315974
1,6,10,0.07791578050880868
1,6,11,0.07490629260997904
1,7,0,0.052129628730596275
1,7,1,0.07130073353270883
1,7,2,-0.005558018386996671
1,7,3,0.02517693228352173
1,7,4,0.0028206184078898374
1,7,5,0.005652297876024245
1,7,6,0.008216259618310991
1,7,7,0.041204977929659395
1,7,8,0.08994341323370944
1,7,9,0.082281514747649
1,7,10,0.06956760056635693
1,7,11,0.03979855396849915
1,8,0,-0.04207445123403967
1,8,1,-0.010444874715302076
1,8,2,-0.007290205360022245
1,8,3,-0.0038774055048694123
1,8,4,0.03296442192858618
1,8,5,-0.0324296600954241
1,8,6,-0.05182588027257062
1,8,7,0.0013116508548490261
1,8,8,0.033242865164988825
1,8,9,0.0020930190968518622
1,8,10,4.4466810008428615e-05
1,8,11,0.01167392475710902
1,9,0,-0.09422954308887918
1,9,1,0.023624598546071567
1,9,2,0.013621947303461137
1,9,3,0.017792121184586812
1,9,4,0.002417141719153024
1,9,5,-0.02917817230514578
1,9,6,-0.04238434433258546
1,9,7,-0.12003514740175383
1,9,8,-0.09453637231014915
1,9,9,-0.04076564749925262
1,9,10,0.02163000054508216
1,9,11,-0.016898902583406577
1,10,0,-0.050370896590773706
1,10,1,-0.04950266068415406
1,10,2,0.009912984587684597
1,10,3,-0.03827138226578655
1,10,4,-0.018849095685329068
1,10,5,-0.11459060278314857
1,10,6,-0.0675442893823084
1,10,7,-0.1297021871887749
1,10,8,-0.1299190575814249
1,10,9,-0.046718946395843966
1,10,10,0.0020483011506687446
1,10,11,-0.013730255287034214
1,11,0,-0.06948479454465592
1,11,1,-0.0714026008274618
1,11,2,-0.01980224262142411
1,11,3,0.024058601601656314
1,11,4,0.0026134357728350615
1,11,5,-0.06941949484569611
1,11,6,-0.10525253551415367
1,11,7,-0.11531974640964773
1,11,8,-0.13234445291343433
1,11,9,-0.08810193936928733
1,11,10,-0.03431278456991655
1,11,11,-0.036439100186443335
2,0,0,0.08334800858045262
2,0,1,0.11032284451427571
2,0,2,0.09287231526553309
2,0,3,0.16968548610587028
2,0,4,0.15911307107969697
2,0,5,0.11007214141935205
2,0,6,0.00554858694795872
2,0,7,-0.04189618783325845
2,0,8,-0.023131197558696075
2,0,9,-0.054469793393599544
2,0,10,-0.14125113361908234
2,0,11,-0.11033885549225958
2,1,0,0.04888539646216766
2,1,1,0.0875424359437328
2,1,2,0.11872954652052164
2,1,3,0.13476156041789356
2,1,4,0.14637064433469568
2,1,5,0.13957733512399986
2,1,6,0.059920138679947894
2,1,7,0.014769513531108523
2,1,8,-0.020397057646582152
2,1,9,0.028902848950903413
2,1,10,-0.06917744362460707
2,1,11,-0.04713214428964625
2,2,0,0.03550199725625041
2,2,1,0.07030539965696386
2,2,2,0.10842700499304657
2,2,3,0.10472459172075167
2,2,4,0.12017515046859566
2,2,5,0.12404496203229559
2,2,6,0.09097842089759446
2,2,7,0.049175792426954815
2,2,8,0.020575460058054173
2,2,9,0.03684523917005649
2,2,10,0.08892624894774157
2,2,11,-0.011697374209297435
2,3,0,0.09026196726915606
2,3,1,0.054180406099800016
2,3,2,0.058210782391680226
2,3,3,0.07416140639712372
2,3,4,0.09281199773635838
2,3,5,0.06707755028601844
2,3,6,0.0978165546968233
2,3,7,0.16750199085925324
2,3,8,0.08519589842650724
2,3,9,0.14667495593098376
2,3,10,0.052520837631581614
2,3,11,0.04243596891492105
2,4,0,0.049165053071934764
2,4,1,0.021800579756218214
2,4,2,0.004928293789731431
2,4,3,0.04020075063411271
2,4,4,0.07887994131559056
2,4,5,0.05612598425171556
2,4,6,0.10207918015906059
2,4,7,0.11027421263325063
2,4,8,0.105651431607769
2,4,9,0.09642636814644395
2,4,10,0.07576988822949125
2,4,11,0.027083654931489034
2,5,0,0.08828012200919515
2,5,1,0.053083514059202995
2,5,2,0.036321546958443925
2,5,3,0.032292799304416524
2,5,4,0.05297081061010037
2,5,5,-0.003073864644284934
2,5,6,0.026672089873680926
2,5,7,0.11394822397690228
2,5,8,0.1353092521854872
2,5,9,0.07299180174935213
2,5,10,0.019681672911492615
2,5,11,0.031307481037357865
2,6,0,0.11209526562765101
2,6,1,0.09065805885856139
2,6,2,0.00552619468923309
2,6,3,0.034941577663711865
2,6,4,-0.0007321474792895532
2,6,5,0.03677061614282596
2,6,6,0.033927141263579735
2,6,7,0.07290818260110504
2,6,8,0.06597047463814301
2,6,9,0.05407666531350323
2,6,10,0.09150290740498003
2,6,11,0.017849585491691407
2,7,0,0.12200573343886392
2,7,1,0.05987409833403419
2,7,2,0.05785800298879039
2,7,3,0.07330616033792733
2,7,4,0.06437239853578411
2,7,5,-0.02357030295058729
2,7,6,0.025181765314185117
2,7,7,0.10873727306618956
2,7,8,0.05595244041711107
2,7,9,0.0681426051422934
2,7,10,0.026293474214032993
2,7,11,0.020906887237611006
2,8,0,-0.014030512625960102
2,8,1,-0.013108685452547158
2,8,2,-0.01883773267119189
2,8,3,0.07731639892894483
2,8,4,0.03687553855342955
2,8,5,0.034630057331812486
2,8,6,-0.010164047308474826
2,8,7,-0.04263288776400236
2,8,8,-0.051693058806476386
2,8,9,-0.007729316488345936
2,8,10,-0.04379990192116265
2,8,11,-0.012305377193448654
2,9,0,-0.04102504522053075
2,9,1,-0.03937602044800171
2,9,2,0.027272396395202375
2,9,3,0.04099955868581132
2,9,4,0.0441210761415906
2,9,5,-0.060970753172722034
2,9,6,-0.04994454242839124
2,9,7,-0.08417907176379483
2,9,8,-0.06189754688850788
2,9,9,-0.03866725375781284
2,9,10,-0.04975351030462703
2,9,11,-0.02559385728399801
2,10,0,-0.08344337407691614
2,10,1,-0.0821077533172787
2,10,2,-0.04928018680009115
2,10,3,-0.025496872576639695
2,10,4,-0.08499213788748522
2,10,5,-0.10246515672707655
2,10,6,-0.07581544157950885
2,10,7,-0.08246784476786898
2,10,8,-0.14401730892323172
2,10,9,-0.10803766028165873
2,10,10,0.005764943605070967
2,10,11,-0.00019309613851212632
2,11,0,-0.09320907303318268
2,11,1,-0.10683518522275004
2,11,2,-0.04980512752611353
2,11,3,-0.01516384240069205
2,11,4,-0.05208583502718621
2,11,5,-0.12617393599577556
2,11,6,-0.13089122168041792
2,11,7,-0.12828180114095242
2,11,8,-0.13482696170473832
2,11,9,-0.08811467142245806
2,11,10,-0.06988112220392252
2,11,11,-0.0208035672646287
3,0,0,0.08352556553978832
3,0,1,0.07942560540393351
3,0,2,0.05597253814804564
3,0,3,0.0946690970151599
3,0,4,0.11158104259742882
3,0,5,0.06431112153946096
3,0,6,-0.01371828447485456
3,0,7,-0.06714595858017385
3,0,8,-0.08573346751401546
3,0,9,-0.012507401018676676
3,0,10,-0.03738007707054891
3,0,11,-0.027210141228080277
3,1,0,0.05273090961032113
3,1,1,0.09811474261745612
3,1,2,0.0650813672697159
3,1,3,0.07949210521391539
3,1,4,0.10843296560268376
3,1,5,0.07717063178452328
3,1,6,0.004831082806928207
3,1,7,-0.04058072623022097
3,1,8,-0.03419157006479131
3,1,9,-0.00030291257570019315
3,1,10,0.011619502478670291
3,1,11,0.04452903324907473
3,2,0,0.07957022800810563
3,2,1,0.06142825594582844
3,2,2,0.09694021302661462
3,2,3,0.0943624173232786
3,2,4,0.18375076609456467
3,2,5,0.10041936421831657
3,2,6,0.023776980112805633
3,2,7,0.013975124956655064
3,2,8,-0.027292232073043748
3,2,9,0.013293101225244538
3,2,10,0.04476912060305527
3,2,11,0.047205575605037194
3,3,0,0.08600244810877555
3,3,1,0.15399315505703232
3,3,2,0.10031957869072099
3,3,3,0.0920101341075085
3,3,4,0.10198297188760744
3,3,5,0.10370532121563596
3,3,6,0.09394688378603609
3,3,7,0.06429550815901494
3,3,8,0.10138666452089529
3,3,9,0.10384052070258973
3,3,10,0.13140342257857343
3,3,11,0.01916904420390485
3,4,0,0.12685557526939736
3,4,1,0.07360339661978203
3,4,2,0.07297838936501273
3,4,3,0.03508849123277174
3,4,4,0.04124568394842214
3,4,5,0.07387482651136275
3,4,6,0.121920516021393
3,4,7,0.11645209400565251
3,4,8,0.06271881977288712
3,4,9,0.14995366441539637
3,4,10,0.1578931046917343
3,4,11,0.04262275590934264
3,5,0,0.1636226573395734
3,5,1,0.13718902454416795
3,5,2,0.1214608423273679
3,5,3,0.10416154373897202
3,5,4,0.03841697640381918
3,5,5,0.07476305659226357
3,5,6,0.1158583504981164
3,5,7,0.11985023252502056
3,5,8,0.08929354581357278
3,5,9,0.10676992796279289
3,5,10,0.09752208595330908
3,5,11,0.040216951571391824
3,6,0,0.14545831148673685
3,6,1,0.12292903116515842
3,6,2,0.05999239876483574
3,6,3,0.042463956906230324
3,6,4,0.08474376213302784
3,6,5,0.019359456936756798
3,6,6,0.005981900195214047
3,6,7,0.09537233537699309
3,6,8,0.11604340842140104
3,6,9,0.00560204228123413
3,6,10,-0.01392000998364265
3,6,11,-0.019935266605392608
3,7,0,0.1150976422489393
3,7,1,0.13608541683669145
3,7,2,0.11546900502875676
3,7,3,0.04363730794832739
3,7,4,0.03018818109195861
3,7,5,0.041399884029965944
3,7,6,0.04431203250524064
3,7,7,0.039514601971270484
3,7,8,0.05466798527896376
3,7,9,-0.01650091348042678
3,7,10,0.0039042516257913017
3,7,11,0.05134354513344814
3,8,0,0.0322248447178406
3,8,1,-0.01850472344725316
3,8,2,0.04988580517809162
3,8,3,0.10932159186642884
3,8,4,0.015716219167538778
3,8,5,0.025713301654106888
3,8,6,0.010059559334169181
3,8,7,0.0001953362386308019
3,8,8,-0.0540593312823139
3,8,9,0.02468198208513302
3,8,10,-0.03597983052051451
3,8,11,-0.02248146208624891
3,9,0,-0.01785305202337702
3,9,1,0.008929774163956442
3,9,2,-0.022025038695234367
3,9,3,0.08801197791656133
3,9,4,0.012193877133503806
3,9,5,-0.0015168440598232133
3,9,6,-0.032411169048500596
3,9,7,-0.017588161901755505
3,9,8,-0.0961272588955285
3,9,9,-0.013159251010022188
3,9,10,-0.02974814878572756
3,9,11,0.011005019908888993
3,10,0,-0.07082730555521237
3,10,1,-0.04937414409780281
3,10,2,-0.05885446352578655
3,10,3,-0.009738403818836722
3,10,4,-0.02248619795969467
3,10,5,-0.0453611829361924
3,10,6,-0.10839675365602816
3,10,7,-0.07131750673798075
3,10,8,-0.08838596994691802
3,10,9,-0.053809473096652335
3,10,10,-0.0325777492507108
3,10,11,0.0021721992646846445
3,11,0,-0.11643986576892527
3,11,1,-0.06007677326073508
3,11,2,-0.04264117725189227
3,11,3,-0.07346719560106173
3,11,4,-0.11811473256574714
3,11,5,-0.07994752974359659
3,11,6,-0.10594985389984019
3,11,7,-0.17594993587666335
3,11,8,-0.0957675340653531
3,11,9,-0.0960971218116927
3,11,10,-0.05188732827632651
3,11,11,-0.05453062085839766
4,0,0,0.007405285644721927
4,0,1,0.0404101688029142
4,0,2,-0.015116583037352456
4,0,3,0.011623318839525025
4,0,4,-0.010284056751564376
4,0,5,0.0334134892427487
4,0,6,-0.022055514399910634
4,0,7,-0.047803774867280706
4,0,8,-0.072317772044673
4,0,9,-0.07888121857502188
4,0,10,-0.05664505476032646
4,0,11,-0.09509837790555202
4,1,0,0.06467267271243578
4,1,1,0.029087484518642414
4,1,2,0.04992318283437987
4,1,3,0.043156239752268864
4,1,4,0.08206404893084203
4,1,5,0.021714761673358222
4,1,6,0.0011073283359742182
4,1,7,-0.05202065419032001
4,1,8,-0.023606962231020694
4,1,9,-0.03138931623996949
4,1,10,0.03632866050382746
4,1,11,0.0326418024210052
4,2,0,0.05721342950890392
4,2,1,0.06396882859042392
4,2,2,0.030113120453051756
4,2,3,0.023020105673358826
4,2,4,0.040829840721574674
4,2,5,0.03392407161866707
4,2,6,0.04369003882064798
4,2,7,0.05454927686571855
4,2,8,0.044701141536532485
4,2,9,0.05280091045093351
4,2,10,0.07862429129074741
4,2,11,0.05343184316791254
4,3,0,0.12491167694489566
4,3,1,0.09895550743820984
4,3,2,0.09004522146664916
4,3,3,0.052103237860464585
4,3,4,0.05978994600712057
4,3,5,0.056811216544761685
4,3,6,0.07227254111182635
4,3,7,0.08255399812788121
4,3,8,0.0826300315080464
4,3,9,0.15235164718326338
4,3,10,0.1598905429526426
4,3,11,0.08396820864196332
4,4,0,0.12714566168448443
4,4,1,0.09910490807632612
4,4,2,0.07640804436001257
4,4,3,-0.03431705942070533
4,4,4,0.02592657211932594
4,4,5,0.056387298228446375
4,4,6,0.15061844602089375
4,4,7,0.12514055909140354
4,4,8,0.11730410946637326
4,4,9,0.1346892911290392
4,4,10,0.1711662967928574
4,4,11,0.07394688898725126
4,5,0,0.14056352913387749
4,5,1,0.1277104520110143
4,5,2,0.10481563973526564
4,5,3,0.12138184879312688
4,5,4,0.07050030428294589
4,5,5,0.09255704577630851
4,5,6,0.05437831950862231
4,5,7,0.11356730830325897
4,5,8,0.08659028497301656
4,5,9,0.10049523833863455
4,5,10,0.1226542620563419
4,5,11,0.055062743926041484
4,6,0,0.13805496973543818
4,6,1,0.1353878319998224
4,6,2,0.13462760519586464
4,6,3,0.048708274187083414
4,6,4,0.028017142639382746
4,6,5,0.0075316175369469175
4,6,6,0.10386729296604467
4,6,7,0.06911212388202673
4,6,8,0.044012634018627386
4,6,9,-0.015485180369287845
4,6,10,0.0049858524789560075
4,6,11,0.017635785165922086
4,7,0,0.17678458804303085
4,7,1,0.17133876563481804
4,7,2,0.13634705366789646
4,7,3,0.11045873619065488
4,7,4,0.00041684148117869334
4,7,5,0.05435407191984406
4,7,6,-0.02195924357822369
4,7,7,0.02038032845205522
4,7,8,0.045606278924847254
4,7,9,0.048837726508481304
4,7,10,-0.02361107368066953
4,7,11,0.02876594610151033
4,8,0,0.06856653199533774
4,8,1,0.09903696698038601
4,8,2,0.11842222297023856
4,8,3,0.039289134277478925
4,8,4,0.040995030084887744
4,8,5,0.06210864877807478
4,8,6,0.03106253935008854
4,8,7,-0.029522763858991732
4,8,8,0.019892824910525044
4,8,9,0.0771724620597493
4,8,10,0.0373320977822221
4,8,11,0.00543850610180431
4,9,0,0.032616699390441484
4,9,1,0.01699427465212965
4,9,2,0.07029710838166446
4,9,3,0.09293257606562251
4,9,4,0.017312839642761185
4,9,5,-0.0059731130018656495
4,9,6,-0.10187710778570762
4,9,7,0.013484616230184304
4,9,8,-0.041730027484892504
4,9,9,0.024064283169655074
4,9,10,0.014566898816331872
4,9,11,-0.002945383520286348
4,10,0,-0.06519127172442842
4,10,1,0.0355766135630778
4,10,2,0.013077349184786933
4,10,3,0.014173729222061745
4,10,4,-0.03250676287821132
4,10,5,-0.06317391045681725
4,10,6,-0.04631670075958842
4,10,7,-0.09641302507192218
4,10,8,-0.08644057462928352
4,10,9,-0.008199200827597949
4,10,10,-0.007992255732147891
4,10,11,0.016186400146174132
4,11,0,-0.03546491883491727
4,11,1,0.006674274512024909
4,11,2,-0.00178952857331922
4,11,3,0.0014730358767379528
4,11,4,0.014339495169400012
4,11,5,-0.038213793683583554
4,11,6,-0.09164060581735713
4,11,7,-0.09085323275419692
4,11,8,-0.024402138644552655
4,11,9,-0.008766838556227658
4,11,10,-0.07394348775854913
4,11,11,0.00338032068960726
5,0,0,-0.013281050558646777
5,0,1,-0.10058645978579141
5,0,2,-0.05312954105784698
5,0,3,-0.04452458860962829
5,0,4,-0.02582929501818433
5,0,5,-0.015074629921021477
5,0,6,-0.027842869076571068
5,0,7,-0.05585123703171267
5,0,8,-0.03115206388667256
5,0,9,-0.08886359827249599
5,0,10,-0.11326032250208037
5,0,11,-0.07924495461981707
5,1,0,0.024462491733478815
5,1,1,-0.022099311383966487
5,1,2,0.06743212487913496
5,1,3,0.06649121144478218
5,1,4,0.05051293289617588
5,1,5,0.02454711386142272
5,1,6,-0.018169118070855923
5,1,7,0.010336409774440742
5,1,8,0.02630642803186485
5,1,9,-0.008907955852255487
5,1,10,-0.05983587542033729
5,1,11,0.004553140855035481
5,2,0,0.057779388519397255
5,2,1,-0.043356457296510054
5,2,2,0.05784855428618975
5,2,3,0.08196795773458446
5,2,4,0.02277034558951996
5,2,5,-0.01918543478838034
5,2,6,0.038283656869432345
5,2,7,0.06840811937871709
5,2,8,0.09203656969121662
5,2,9,0.05940297442690304
5,2,10,0.04986189821335772
5,2,11,-0.0031249243797982955
5,3,0,0.0927416856107645
5,3,1,0.09166452162221879
5,3,2,0.08689186014998909
5,3,3,0.05121644210235838
5,3,4,0.017375537886072042
5,3,5,-0.015911538788923464
5,3,6,0.07495944340848515
5,3,7,0.07508010357423521
5,3,8,0.09607097062467168
5,3,9,0.1295118358639761
5,3,10,0.11383744026286366
5,3,11,0.032910320962987176
5,4,0,0.1342661528676908
5,4,1,0.09855586663962092
5,4,2,0.03617568072413498
5,4,3,0.024875275932370038
5,4,4,-0.0165151951668976
5,4,5,0.030191869443498304
5,4,6,0.02509716302651738
5,4,7,0.08041619429574304
5,4,8,0.15030888176659027
5,4,9,0.10379345080204498
5,4,10,0.06146066119772377
5,4,11,0.017144285569806402
5,5,0,0.13746617512161707
5,5,1,0.09237057096146054
5,5,2,0.14659046644415116
5,5,3,0.0005083694308858542
5,5,4,-0.0032453723670833622
5,5,5,0.06253186989400525
5,5,6,0.08214055010074506
5,5,7,0.08152604190842139
5,5,8,0.13890927621069177
5,5,9,0.11866986274395716
5,5,10,0.034707580792406025
5,5,11,-0.007188676368901605
5,6,0,0.11160216228260303
5,6,1,0.08802372964903717
5,6,2,0.08249535618907122
5,6,3,0.05449088494070888
5,6,4,-0.10252090301655967
5,6,5,0.037881156779056624
5,6,6,0.05266695467947658
5,6,7,0.11994759219896343
5,6,8,0.0716263293947132
5,6,9,0.09028755025652012
5,6,10,-0.01864335522387842
5,6,11,-0.015234402909099904
5,7,0,0.18673101643650952
5,7,1,0.16439132331574752
5,7,2,0.13000003786275083
5,7,3,0.01599901856145884
5,7,4,0.041627172075435044
5,7,5,0.06775021989617973
5,7,6,0.06508042985508755
5,7,7,0.03155644735120657
5,7,8,0.059558368110618494
5,7,9,0.0028413427684053
5,7,10,0.029945917793611002
5,7,11,-0.001157640589264154
5,8,0,0.09716682865730865
5,8,1,0.10787270071415919
5,8,2,0.053960152935607054
5,8,3,0.015914523717355092
5,8,4,0.03272752078574815
5,8,5,0.06587174100813196
5,8,6,-0.016436155708645307
5,8,7,0.016163255572680977
5,8,8,0.061917556593502156
5,8,9,0.05380838073275159
5,8,10,-0.06044798513859696
5,8,11,-0.055438552956361103
5,9,0,0.014675960198915696
5,9,1,0.04207404339175117
5,9,2,0.05092013542671773
5,9,3,-0.014627171546142143
5,9,4,-0.018794699992055585
5,9,5,-0.052793675365515054
5,9,6,-0.02545050027592225
5,9,7,-0.13555426679231317
5,9,8,0.024388374055134724
5,9,9,-0.013051580237109749
5,9,10,0.06256377212248582
5,9,11,0.006049393794896974
5,10,0,0.003990091359698844
5,10,1,0.0052191421560685855
5,10,2,-0.0021745954255948537
5,10,3,-0.008004716111612718
5,10,4,-0.06239866213041746
5,10,5,-0.09368161148239362
5,10,6,-0.10295834815454814
5,10,7,-0.06199449432224586
5,10,8,-0.0874614508086455
5,10,9,-0.013822548042890622
5,10,10,-0.0019423614878543622
5,10,11,0.06776967242344975
5,11,0,-0.012550129909880763
5,11,1,-0.034419221829971584
5,11,2,-0.02666353635965046
5,11,3,-0.04586020297111142
5,11,4,-0.015169543300575392
5,11,5,-0.047078993053603316
5,11,6,-0.0713900894598799
5,11,7,-0.07886362764513269
5,11,8,-0.027861724325135475
5,11,9,-0.046720384800825736
5,11,10,0.03660512527144864
5,11,11,0.0038878054169257767
6,0,0,-0.059235422457056534
6,0,1,-0.08455241156093729
6,0,2,-0.09283817686097391
6,0,3,-0.08806437142622091
6,0,4,-0.08452061826867927
6,0,5,-0.03249694525284613
6,0,6,-0.04282852675267088
6,0,7,-0.09834621743749554
6,0,8,-0.029801310242439687
6,0,9,-0.006800236569789487
6,0,10,-0.021005235814106432
6,0,11,-0.047192012086102214
6,1,0,-0.005361362908952934
6,1,1,-0.041430816913897744
6,1,2,0.01851282652615391
6,1,3,0.06442192097092767
6,1,4,-0.013587587669279302
6,1,5,-0.004745489257153273
6,1,6,-0.03267635443846789
6,1,7,-0.03278717998142742
6,1,8,-0.007224057476682525
6,1,9,-0.0032648198691955094
6,1,10,0.01025074946512159
6,1,11,-0.013056073828790427
6,2,0,-0.031190232051094693
6,2,1,0.005789190763677007
6,2,2,0.045376848446817594
6,2,3,0.04544332560935291
6,2,4,-0.0015069091986252467
6,2,5,0.017810753946321
6,2,6,0.029886095069539934
6,2,7,0.042597959311710704
6,2,8,0.10916797682338061
6,2,9,0.13279246384255
6,2,10,0.07705420430193059
6,2,11,0.005491418814173255
6,3,0,0.1038797651762734
6,3,1,0.08634410248085148
6,3,2,0.04679486139130448
6,3,3,0.07169744051052837
6,3,4,0.052252477982786656
6,3,5,0.10852429878299888
6,3,6,0.03990734321132143
6,3,7,0.11338750878296266
6,3,8,0.14157266023386816
6,3,9,0.21083600955866888
6,3,10,0.08795502659324467
6,3,11,0.00827517588453237
6,4,0,0.07489815834630474
6,4,1,0.1288636936915539
6,4,2,0.0873206719321282
6,4,3,0.04717706032977561
6,4,4,0.022400505669805924
6,4,5,0.08582093005568739
6,4,6,0.12079551462109993
6,4,7,0.08015315331785672
6,4,8,0.16093711278956557
6,4,9,0.13963404569429352
6,4,10,0.09845030843329738
6,4,11,-0.008851077740580924
6,5,0,0.1580447650168541
6,5,1,0.1074819425308287
6,5,2,0.07918944048478839
6,5,3,0.04985810870433608
6,5,4,0.009762876156838983
6,5,5,0.10817944695495586
6,5,6,0.04887975002485699
6,5,7,0.13925480420875738
6,5,8,0.13737313186298736
6,5,9,0.10219842357927802
6,5,10,-0.02008528472683979
6,5,11,0.0016123237479439758
6,6,0,0.09277734156893966
6,6,1,0.09280983043679576
6,6,2,0.07843931629770047
6,6,3,0.023337833869192894
6,6,4,-0.017689146108341824
6,6,5,0.05032244205431738
6,6,6,0.004648545492465124
6,6,7,0.02220160879095723
6,6,8,0.1270762783273263
6,6,9,0.06748242520957638
6,6,10,-0.07472957503647214
6,6,11,-0.009695991313335265
6,7,0,0.10341961604834732
6,7,1,0.13577113237123434
6,7,2,0.06304664582084761
6,7,3,-0.049890383452398324
6,7,4,-0.019426539796372266
6,7,5,0.020663585184005673
6,7,6,-0.007087333840532645
6,7,7,0.0029599263227778885
6,7,8,0.038156858527670943
6,7,9,-0.03994137786333328
6,7,10,-0.08577803824447622
6,7,11,-0.07935227221216373
6,8,0,0.05167797826353767
6,8,1,0.06470541861925617
6,8,2,0.019406121838473945
6,8,3,-0.0961360367540568
6,8,4,0.02129928893953664
6,8,5,0.007164444085579575
6,8,6,0.05058694189610189
6,8,7,-0.027478454480463235
6,8,8,0.03774613880606809
6,8,9,-0.03978133708963292
6,8,10,-0.03727421011896613
6,8,11,-0.08480097416578258
6,9,0,0.056546972427098316
6,9,1,0.03492960226057243
6,9,2,0.026070493938552885
6,9,3,0.05659400359561078
6,9,4,0.03918852950814619
6,9,5,-0.004918920459053635
6,9,6,-0.052029554040207045
6,9,7,0.047204274468885754
6,9,8,0.02265209983872895
6,9,9,0.031435604436473315
6,9,10,-0.05828802293967972
6,9,11,0.01337512288636464
6,10,0,0.042694231258364725
6,10,1,-0.013179023258928132
6,10,2,0.04605256970777785
6,10,3,0.015019691248277508
6,10,4,-0.002713582432237861
6,10,5,-0.06667171112780561
6,10,6,-0.04731775106274724
6,10,7,-0.04760092630825792
6,10,8,-0.013000959992454016
6,10,9,-0.020427021884122147
6,10,10,0.030405132750504778
6,10,11,0.08058000261571685
6,11,0,0.026186339782081153
6,11,1,0.019853469666901925
6,11,2,-0.024403492439718896
6,11,3,0.00892160701921941
6,11,4,-0.005214140774390287
6,11,5,-0.03051319510276171
6,11,6,-0.06664538737490185
6,11,7,-0.0061526397543585935
6,11,8,-0.0017067401606393148
6,11,9,-0.047828408150080076
6,11,10,-0.013885284000151203
6,11,11,0.029040719727329384
7,0,0,-0.013100292990290554
7,0,1,-0.08916279238268472
7,0,2,-0.04265844683975517
7,0,3,-0.04032287617507372
7,0,4,-0.032694724935736566
7,0,5,-0.03609857522636813
7,0,6,-0.011100700841055293
7,0,7,-0.09860241157104589
7,0,8,-0.0559961530255513
7,0,9,0.03477680863746312
7,0,10,0.006275071881677594
7,0,11,-0.06056688837836806
7,1,0,-0.045168089513519034
7,1,1,-0.01056507472077052
7,1,2,0.009934595440008428
7,1,3,8.09538893086384e-05
7,1,4,-0.03567872181216631
7,1,5,-0.005744659366656911
7,1,6,0.021184985685831437
7,1,7,0.0032637643787761083
7,1,8,-0.004973804612920444
7,1,9,0.028643193381050758
7,1,10,0.009233720870343128
7,1,11,-0.012673370313280407
7,2,0,-0.01856739459346644
7,2,1,-0.01754827309015055
7,2,2,0.004103938530610449
7,2,3,0.009380173019111138
7,2,4,0.05968462043945172
7,2,5,0.07825950053156994
7,2,6,0.04061374542633834
7,2,7,0.04458333183626562
7,2,8,0.06068332743115758
7,2,9,0.09817986014525122
7,2,10,0.10718155458427621
7,2,11,0.009613589379498279
7,3,0,0.07420155960666365
7,3,1,0.10183927446925835
7,3,2,0.08700098210603809
7,3,3,0.057372989816742916
7,3,4,0.07956371032046274
7,3,5,0.09395731360510304
7,3,6,0.10649351575814006
7,3,7,0.114038450785363
7,3,8,0.12909464186758085
7,3,9,0.134629206070888
7,3,10,0.052914747509361676
7,3,11,-0.010553155622572884
7,4,0,0.09848999066687357
7,4,1,0.09916349436462225
7,4,2,0.09148972037341849
7,4,3,0.038199284775264374
7,4,4,0.03880981733023399
7,4,5,0.10574418371585076
7,4,6,0.1171821949972467
7,4,7,0.08983349068897686
7,4,8,0.07434924059409997
7,4,9,0.1125339523493576
7,4,10,0.11009584327329489
7,4,11,0.030735771139014215
7,5,0,0.08546507667777128
7,5,1,0.13926315488397156
7,5,2,0.05276097876870931
7,5,3,-0.03738532848490728
7,5,4,0.04652284836411849
7,5,5,0.048618497710998826
7,5,6,0.11864600775039646
7,5,7,0.09599693922754149
7,5,8,0.1607344714329195
7,5,9,0.01597501518803513
7,5,10,0.01196982829044382
7,5,11,0.025481703825477105
7,6,0,0.07104076974468501
7,6,1,0.0779244721463905
7,6,2,0.07252942487664417
7,6,3,-0.00047463662635093294
7,6,4,-0.009346896216912204
7,6,5,-0.05196340034665059
7,6,6,-0.06406370738384845
7,6,7,0.030368793482037006
7,6,8,0.09888427542314812
7,6,9,-0.00801502562696847
7,6,10,0.018211727019962397
7,6,11,0.016290051492848394
7,7,0,0.059754429120560726
7,7,1,0.04700486984813657
7,7,2,0.0365332405488454
7,7,3,-0.14820931308725724
7,7,4,-0.09760057950634428
7,7,5,-0.08538694616295456
7,7,6,-0.06959539890997059
7,7,7,-0.11735385733047199
7,7,8,-0.0016206239564924131
7,7,9,-0.0009855531643871657
7,7,10,-0.05746628880470792
7,7,11,-0.04720371381584453
7,8,0,0.07810219999974667
7,8,1,0.02119157424429612
7,8,2,-0.04046004100113447
7,8,3,-0.13453394400422944
7,8,4,-0.0743985349171264
7,8,5,-0.02744730477180839
7,8,6,-0.06449708258956725
7,8,7,-0.02685881338929779
7,8,8,-0.018157251773264237
7,8,9,-0.032778838566347376
7,8,10,-0.05195019649552609
7,8,11,-0.021888569467573553
7,9,0,0.015204568429688925
7,9,1,0.056120855226274496
7,9,2,0.016425348614561956
7,9,3,-0.09882775619770527
7,9,4,-0.0006849438459117479
7,9,5,-0.09042588725930321
7,9,6,0.08361278250825836
7,9,7,-0.037489683843314824
7,9,8,0.07351892601717754
7,9,9,-0.06602634307368668
7,9,10,0.019961815730956272
7,9,11,-0.04361975295544883
7,10,0,-0.0010305550804419205
7,10,1,-0.03418239969025969
7,10,2,0.009506587166852877
7,10,3,0.022903781042173527
7,10,4,-0.015012284822745744
7,10,5,-0.0711582846503293
7,10,6,-0.044930182600389904
7,10,7,0.08198206671296623
7,10,8,0.05422127317518749
7,10,9,-0.04104103783968516
7,10,10,-0.001942839322633878
7,10,11,0.03059402186307845
7,11,0,0.018682294071909463
7,11,1,-0.029482778421374655
7,11,2,-0.00864276226834584
7,11,3,-0.07114445121729053
7,11,4,-0.017211195083324096
7,11,5,-0.03768069653225383
7,11,6,0.029122118031197686
7,11,7,0.007014180489748363
7,11,8,0.034067991784044835
7,11,9,-0.04953882461203448
7,11,10,-0.01856045413468775
7,11,11,0.030587157372074524
8,0,0,-0.03592741461437264
8,0,1,-0.0357684711833471
8,0,2,-0.01938276650720122
8,0,3,0.02042825609164015
8,0,4,-0.06140715060020857
8,0,5,-0.000770271545289416
8,0,6,0.016317397256448343
8,0,7,-0.009762324027020127
8,0,8,-0.03492944720644194
8,0,9,-0.021201057630120555
8,0,10,-0.000666351836213602
8,0,11,0.0014419119016529792
8,1,0,-0.00642400491358694
8,1,1,-0.05737189084190618
8,1,2,-0.033634585940999995
8,1,3,0.000564961414374825
8,1,4,-0.010597730397266919
8,1,5,-0.02099152948565274
8,1,6,0.021950212861033234
8,1,7,0.019443831427543096
8,1,8,-0.017222509753613564
8,1,9,0.027813371371089027
8,1,10,0.010977358006065975
8,1,11,-0.016929596144223107
8,2,0,-0.025328278793540052
8,2,1,0.02703483445378564
8,2,2,-0.0562997815164176
8,2,3,0.03397632326558015
8,2,4,-0.03146037078722715
8,2,5,-0.0011568073176285631
8,2,6,0.04289726229466267
8,2,7,0.09576639918750163
8,2,8,0.062204847584866725
8,2,9,0.07513355964267679
8,2,10,0.060704616969361344
8,2,11,0.02685907545241281
8,3,0,0.06658340598671954
8,3,1,0.0629026187844495
8,3,2,-0.00911319719434121
8,3,3,0.039368795021465876
8,3,4,0.022821924389902607
8,3,5,0.0696831962470967
8,3,6,0.07500015492205221
8,3,7,0.11996176400347439
8,3,8,0.05551769592750278
8,3,9,0.07865291619771937
8,3,10,0.10460878500938414
8,3,11,0.033352882786455956
8,4,0,0.07421774934293639
8,4,1,0.08099900388292522
8,4,2,0.016502050469016333
8,4,3,-0.012064074704925608
8,4,4,0.044541068554177284
8,4,5,0.08161434099649101
8,4,6,-0.0012640860190646448
8,4,7,0.09555940109665235
8,4,8,0.11414514753334001
8,4,9,0.09002258833796421
8,4,10,0.08739676265253156
8,4,11,-0.031207893704602013
8,5,0,0.06506164061447195
8,5,1,0.07240059607457448
8,5,2,0.009050468736987794
8,5,3,0.03177524807632468
8,5,4,-0.014612764943022204
8,5,5,0.053023008962175495
8,5,6,0.04683038860205853
8,5,7,0.12542155583639786
8,5,8,0.09152156382579305
8,5,9,0.015547976082913403
8,5,10,-0.027242260705784498
8,5,11,-0.05943762043100776
8,6,0,0.03934944202586947
8,6,1,0.08831287044090276
8,6,2,0.06622424111300505
8,6,3,-0.06837682038768829
8,6,4,-0.00632029626388577
8,6,5,-0.03459295394249261
8,6,6,-0.00179440911956178
8,6,7,-0.0065715004827179785
8,6,8,0.02906914667651525
8,6,9,-0.01673897971215639
8,6,10,-0.02128881881565269
8,6,11,-0.03710569381807971
8,7,0,0.05740051228920138
8,7,1,0.06312946117498343
8,7,2,-0.079322253531796
8,7,3,-0.11471157739572704
8,7,4,-0.13694615690475734
8,7,5,-0.08470432300895382
8,7,6,-0.046975449960990165
8,7,7,-0.04086686232263622
8,7,8,-0.030648818356616994
8,7,9,-0.0864777712353277
8,7,10,-0.05317116541259897
8,7,11,-0.08882272134608116
8,8,0,0.05447821752288643
8,8,1,-0.056079126390085964
8,8,2,-0.09170014586911547
8,8,3,-0.21459874033287882
8,8,4,-0.059802835481096946
8,8,5,-0.07946729339018675
8,8,6,-0.06427576229841832
8,8,7,-0.11661781566669495
8,8,8,0.023469632545444187
8,8,9,-0.058123084552558824
8,8,10,-0.06435846198320923
8,8,11,-0.1548938611339349
8,9,0,-0.05159935392739233
8,9,1,-0.049431433437920655
8,9,2,-0.04607463746383914
8,9,3,-0.07812306007744227
8,9,4,-0.17013287400281085
8,9,5,-0.00930575583290436
8,9,6,-0.03535189265936535
8,9,7,0.027226163799489445
8,9,8,-0.09057895272618346
8,9,9,-0.036436699220952315
8,9,10,-0.08736125009829937
8,9,11,-0.07979982787343458
8,10,0,-0.07199278920451305
8,10,1,-0.02828772035923287
8,10,2,-0.03430616498147543
8,10,3,-0.12746077615903206
8,10,4,-0.06824787028346661
8,10,5,-0.028363158870761823
8,10,6,0.04807084603341668
8,10,7,-0.045232880757423995
8,10,8,-0.052047772903552086
8,10,9,-0.03651311414235111
8,10,10,-0.008385500921611257
8,10,11,-0.07234988043418493
8,11,0,-0.019272451773252396
8,11,1,-0.002634405931277992
8,11,2,-0.06484649342327024
8,11,3,-0.04593911737971018
8,11,4,-0.01216836377433303
8,11,5,0.048480336039966807
8,11,6,0.08752938142059337
8,11,7,0.08723012799728617
8,11,8,-0.04292660648830732
8,11,9,-0.0426250088371764
8,11,10,-0.060653472308440155
8,11,11,-0.030556958894398002
9,0,0,-0.017470577127237923
9,0,1,-0.07128619510922587
9,0,2,-0.028053187518601072
9,0,3,-0.012109303558382986
9,0,4,-0.029765125655187172
9,0,5,-0.061698786020917676
9,0,6,0.0010564334606109225
9,0,7,-0.026418814708340434
9,0,8,0.04958269597707427
9,0,9,0.03670613927502259
9,0,10,0.053915867960636917
9,0,11,-0.008360503409923807
9,1,0,-0.010688150032162226
9,1,1,-0.003695768726599809
9,1,2,-0.03779055021190561
9,1,3,0.031222653096274044
9,1,4,-0.031471483539824346
9,1,5,-0.00742777021409327
9,1,6,0.012803871663530607
9,1,7,0.043890506857545
9,1,8,0.04453014501053121
9,1,9,0.07508175291083806
9,1,10,0.012699605520731202
9,1,11,0.023219768156719167
9,2,0,0.038955490751113944
9,2,1,0.0028374872722832945
9,2,2,0.06757166615735787
9,2,3,0.09416730656537063
9,2,4,0.0033759429553464433
9,2,5,-0.042658474283241606
9,2,6,0.052471748523559174
9,2,7,0.03829779520744724
9,2,8,0.04752163397770135
9,2,9,0.01709060978917559
9,2,10,0.05780756887609622
9,2,11,-0.07277399314219002
9,3,0,0.06315567933190483
9,3,1,0.10168313072038092
9,3,2,0.10860210507861362
9,3,3,0.051046131243748516
9,3,4,0.041318919004035164
9,3,5,0.012983488474036933
9,3,6,-0.014768053854198273
9,3,7,0.07466079883269082
9,3,8,0.048140030895138484
9,3,9,0.08796053068866334
9,3,10,0.015612864669291673
9,3,11,0.011708630228898316
9,4,0,0.14012437200420214
9,4,1,0.11726062891284818
9,4,2,0.059213773682687085
9,4,3,0.08599514752355061
9,4,4,0.09773030730736817
9,4,5,-0.02180278099193537
9,4,6,-0.0037936172983643163
9,4,7,0.057865715446655336
9,4,8,0.08475176463414635
9,4,9,0.006915668005641912
9,4,10,-0.006087899448719792
9,4,11,-0.03229887142189804
9,5,0,0.1517971820925762
9,5,1,0.06467219946812008
9,5,2,0.08799696456867502
9,5,3,0.09213592430122357
9,5,4,0.11573138378901375
9,5,5,0.014346221921349354
9,5,6,0.04370502854416727
9,5,7,0.012900268225208726
9,5,8,0.09850617916427393
9,5,9,0.010647539440391032
9,5,10,-0.05867167505776987
9,5,11,-0.059870055394941106
9,6,0,0.07559093645476404
9,6,1,0.044281822692652587
9,6,2,0.09424729945406965
9,6,3,0.08467773562923452
9,6,4,-0.006235403219858195
9,6,5,-0.009271566701362772
9,6,6,0.007772818129444399
9,6,7,-0.05610129112137359
9,6,8,-0.01334974937564262
9,6,9,-0.0779689625821876
9,6,10,-0.013698251822448552
9,6,11,-0.08275105806036684
9,7,0,0.007233593030577558
9,7,1,-0.008881939774825492
9,7,2,0.018347661440944383
9,7,3,-0.05657461499761608
9,7,4,-0.0032227580295688565
9,7,5,-0.05828703214076131
9,7,6,-0.0840988844877479
9,7,7,-0.10525565838868757
9,7,8,-0.01591351720400829
9,7,9,-0.08854743160825496
9,7,10,-0.07665342610212474
9,7,11,-0.11627812320073663
9,8,0,-0.02001287537935694
9,8,1,-0.00455176494092115
9,8,2,-0.06363844292181055
9,8,3,-0.015227308995879582
9,8,4,-0.07722039238482716
9,8,5,-0.01446617379446146
9,8,6,0.004173267737069051
9,8,7,-0.029780185750981215
9,8,8,-0.07449791841362406
9,8,9,-0.10316445505148165
9,8,10,-0.17238949312056698
9,8,11,-0.17312849334981015
9,9,0,0.006605730505982264
9,9,1,-0.09937074378425362
9,9,2,-0.07343852597480277
9,9,3,-0.0934995358282241
9,9,4,-0.07628530838933995
9,9,5,-0.08279154746549781
9,9,6,0.03601450024566197
9,9,7,-0.039156861778984295
9,9,8,-0.012076604318329147
9,9,9,-0.04382507023819372
9,9,10,-0.08155921899163356
9,9,11,-0.12499879937318474
9,10,0,-0.027687695128893974
9,10,1,-0.04648851314780565
9,10,2,-0.06494054252988828
9,10,3,-0.07075671669420353
9,10,4,-0.09227386279699534
9,10,5,0.0066100213722345685
9,10,6,0.04121531625759096
9,10,7,0.04067069862632897
9,10,8,-0.0016210173067832722
9,10,9,-0.020301510192199636
9,10,10,-0.09696957066835703
9,10,11,-0.11874048611591875
9,11,0,-0.004449562741905302
9,11,1,-0.024616570614353017
9,11,2,0.02117328315868959
9,11,3,-0.08574836167311536
9,11,4,0.004579850077034863
9,11,5,0.05938198460153928
9,11,6,0.12144521339321167
9,11,7,0.0557878931335545
9,11,8,0.005042590644525523
9,11,9,-0.038703876810544026
9,11,10,-0.09313362434739429
9,11,11,-0.14297943321170892
10,0,0,-0.018748756922746072
10,0,1,-0.0715611088079017
10,0,2,-0.0346533750022481
10,0,3,0.001621977569959116
10,0,4,-0.045948332048317
10,0,5,-0.0777718123353065
10,0,6,-0.04262668439245704
10,0,7,0.0374008084911474
10,0,8,0.046798779871009576
10,0,9,0.053114395940782606
10,0,10,-0.007716299837801462
10,0,11,0.006225395647003095
10,1,0,-0.004921417065276762
10,1,1,-0.037731925455636486
10,1,2,-0.01334158563377392
10,1,3,-0.01168231588791372
10,1,4,-0.057266601952537535
10,1,5,-0.02687222739939035
10,1,6,-0.0504903354497568
10,1,7,0.01473511897464119
10,1,8,0.01809212525256142
10,1,9,0.02434907452105605
10,1,10,0.028359454007952332
10,1,11,-0.007893365231137666
10,2,0,0.004658002876993635
10,2,1,0.044988301042013165
10,2,2,0.049450525420705764
10,2,3,-0.008286641534263374
10,2,4,0.013976359952597845
10,2,5,0.027016337465493392
10,2,6,0.0292514815700196
10,2,7,0.0435521993168693
10,2,8,0.04032600770880347
10,2,9,0.06567108312479684
10,2,10,-0.010708393802124632
10,2,11,-0.023039418090123467
10,3,0,0.05756695373198011
10,3,1,0.032814597197678305
10,3,2,0.0627517033417186
10,3,3,0.06031851497104836
10,3,4,0.08183768381054633
10,3,5,0.03598083805388659
10,3,6,0.09513638518349134
10,3,7,0.02290604418516018
10,3,8,0.10894297575410385
10,3,9,0.08238597944523142
10,3,10,0.09219978283695135
10,3,11,-0.05268875731722625
10,4,0,0.06765694468064934
10,4,1,0.0848673708996783
10,4,2,0.09000354116343186
10,4,3,0.09518242117866471
10,4,4,0.1211702171770328
10,4,5,0.04376118008425481
10,4,6,0.01938127827535018
10,4,7,0.042439092562669464
10,4,8,0.10745031679900974
10,4,9,0.09022844617806752
10,4,10,-0.012577237845980072
10,4,11,-0.07499107521057649
10,5,0,0.10937750241543814
10,5,1,0.07832230893012528
10,5,2,0.16323970474070457
10,5,3,0.12931169422813146
10,5,4,0.0766152204591288
10,5,5,0.038962219141594354
10,5,6,0.04925829277068955
10,5,7,0.010249854621021891
10,5,8,-0.011279106897989789
10,5,9,-0.07924984269970678
10,5,10,0.014415972073333568
10,5,11,-0.0349481499275323
10,6,0,0.09915844994699931
10,6,1,0.08172159782623606
10,6,2,0.12192981480880914
10,6,3,0.16906214725731764
10,6,4,0.06971630146120414
10,6,5,-0.008993222866282886
10,6,6,-0.02508823946014493
10,6,7,-0.056849398931924436
10,6,8,-0.01648336665141561
10,6,9,-0.05015873957228678
10,6,10,-0.07736323169113299
10,6,11,-0.013082248156435218
10,7,0,0.06007105969330206
10,7,1,0.005790208108518819
10,7,2,0.08936575373908734
10,7,3,0.08186929545914613
10,7,4,-0.04791673614117429
10,7,5,-0.04836182949875284
10,7,6,-0.014429642689819581
10,7,7,-0.10332129713417156
10,7,8,-0.06610435127484493
10,7,9,-0.08725533826482366
10,7,10,-0.06226698108064982
10,7,11,-0.1172354943238744
10,8,0,0.01901009618852649
10,8,1,-0.028908411598375122
10,8,2,-0.04158099092662478
10,8,3,-0.008334552006738726
10,8,4,0.049208231935200485
10,8,5,-0.0057972850151411185
10,8,6,-0.009281295651504984
10,8,7,-0.026181745863287073
10,8,8,-0.02798263926162453
10,8,9,-0.09510813324002784
10,8,10,-0.17934285966351507
10,8,11,-0.1872963712685948
10,9,0,-0.02843299185581099
10,9,1,-0.04199557051175263
10,9,2,-0.007028404491314089
10,9,3,0.041412191262707884
10,9,4,-0.0056613719976197924
10,9,5,-0.00735409414504168
10,9,6,0.03583549875964219
10,9,7,0.05045373946018532
10,9,8,-0.030662024550684917
10,9,9,-0.09307797558811064
10,9,10,-0.12231913755970077
10,9,11,-0.18174290874936166
10,10,0,0.0016191447767415221
10,10,1,-0.031148322069266737
10,10,2,0.020494954110692878
10,10,3,0.024596430945091077
10,10,4,-0.0029237105773867633
10,10,5,0.02863517146778197
10,10,6,0.11517369923478138
10,10,7,0.05103868617715037
10,10,8,-0.02175166313528908
10,10,9,-0.07009221464027113
10,10,10,-0.0998181913028323
10,10,11,-0.13713845913741043
10,11,0,0.03494201542346133
10,11,1,0.011086157355158149
10,11,2,0.012391073804509144
10,11,3,0.02643667621146966
10,11,4,-0.002475177661900218
10,11,5,0.10791858300823916
10,11,6,0.14590400915608398
10,11,7,0.14043986609502013
10,11,8,-0.03323857940174283
10,11,9,-0.08108635087867647
10,11,10,-0.0786453831187224
10,11,11,-0.15999526416424223
11,0,0,0.004789753080890123
11,0,1,-0.0346304586343432
11,0,2,-0.04864170795770933
11,0,3,-0.029862695413078365
11,0,4,-0.005796721556936776
11,0,5,-0.009716157671536189
11,0,6,0.022318684157778403
11,0,7,0.0071471090232145896
11,0,8,0.07721678445188697
11,0,9,0.04614587800075708
11,0,10,0.008135763409688196
11,0,11,0.013768525274564122
11,1,0,0.024889485112803384
11,1,1,-0.018866868849747687
11,1,2,-0.017427512705052953
11,1,3,-0.03411124438546764
11,1,4,-0.03147307107397203
11,1,5,-0.03900873444762149
11,1,6,-0.028763405056486547
11,1,7,0.012247546137045788
11,1,8,0.0588038058637462
11,1,9,0.041246978980461174
11,1,10,-0.01150559025041583
11,1,11,-0.025827246927915506
11,2,0,0.03604156332151919
11,2,1,0.007754117787503997
11,2,2,0.03543218202795014
11,2,3,-0.06563634656376012
11,2,4,0.016812327237338505
11,2,5,-0.007268966999101794
11,2,6,0.004070662370063043
11,2,7,0.029758618673050546
11,2,8,0.05834862722382604
11,2,9,-0.02223852646395223
11,2,10,-0.021332924487823417
11,2,11,-0.07451354202709315
11,3,0,0.09759929007533283
11,3,1,0.08914534599761871
11,3,2,0.060440558853490596
11,3,3,0.005359568566316981
11,3,4,0.04425982437248127
11,3,5,0.036016726062442814
11,3,6,0.05514563196054222
11,3,7,0.07650327151904975
11,3,8,0.044730392039311326
11,3,9,0.017644808389857398
11,3,10,0.016371183331296564
11,3,11,-0.02345573365181902
11,4,0,0.12721326978624234
11,4,1,0.07784988768680956
11,4,2,0.09918240221266054
11,4,3,0.0438665099029798
11,4,4,0.05232441462348049
11,4,5,0.007097762316462556
11,4,6,0.05228433888887334
11,4,7,-0.05184536323704606
11,4,8,0.02337548510956228
11,4,9,0.01594462108334761
11,4,10,-0.022070376127226007
11,4,11,-0.09728007558906149
11,5,0,0.10782860147861974
11,5,1,0.13313978515007077
11,5,2,0.05662838039878245
11,5,3,0.08100701889474564
11,5,4,0.08974054712920707
11,5,5,0.04071407533074847
11,5,6,-0.034666437025123044
11,5,7,-0.08076754276191614
11,5,8,-0.0404097767343446
11,5,9,-0.04460462181610545
11,5,10,-0.03873741672177635
11,5,11,-0.08125029560203756
11,6,0,0.08003722206361921
11,6,1,0.0735989900848498
11,6,2,0.12736494693024314
11,6,3,0.13661670642909848
11,6,4,0.06428367118531432
11,6,5,0.025395440764501793
11,6,6,0.036605930842819184
11,6,7,-0.1125897437701041
11,6,8,-0.07741002447058137
11,6,9,-0.04394885917159414
11,6,10,0.009232518965219767
11,6,11,-0.05914897293644026
11,7,0,0.09981717948606861
11,7,1,0.08284827500535522
11,7,2,0.05997514156795127
11,7,3,0.15623390311660623
11,7,4,0.030727317426588442
11,7,5,0.029634860532201424
11,7,6,0.028815001080296554
11,7,7,-0.08179523047662342
11,7,8,-0.06566867750247259
11,7,9,-0.0466271887742573
11,7,10,-0.020752346907242914
11,7,11,-0.0922115719126331
11,8,0,0.0032790791327658355
11,8,1,-0.01891522329981896
11,8,2,0.0005672927079685855
11,8,3,0.09820364035655127
11,8,4,0.0017930715401832584
11,8,5,0.0189805060325904
11,8,6,-0.004972659329157362
11,8,7,0.025693043569809056
11,8,8,-0.0603224155790946
11,8,9,-0.06176631628579918
11,8,10,-0.13218013001203538
11,8,11,-0.09923051555632906
11,9,0,0.016907866066028395
11,9,1,0.026178788604270666
11,9,2,0.029767028756226947
11,9,3,0.03392501291133868
11,9,4,0.05866082357849696
11,9,5,0.02997524961335455
11,9,6,0.0352153477662285
11,9,7,0.008760997083595422
11,9,8,-0.038261189126627106
11,9,9,-0.0639623637355761
11,9,10,-0.1463336788082389
11,9,11,-0.16128984256315781
11,10,0,0.040797769268870944
11,10,1,0.02361701276048242
11,10,2,0.0593362575755108
11,10,3,0.035415718734148754
11,10,4,0.025127859089044854
11,10,5,0.10537373218448783
11,10,6,0.12381860107019854
11,10,7,0.07681976842898469
11,10,8,-0.03851061356370108
11,10,9,-0.06054701904867612
11,10,10,-0.103877191171988
11,10,11,-0.12958938488636174
11,11,0,0.06880471331100817
11,11,1,0.036246518310581136
11,11,2,-0.008673485534493704
11,11,3,0.0018094575919671574
11,11,4,0.06453803005049988
11,11,5,0.038864225283280825
11,11,6,0.14015332678856685
11,11,7,0.10390066275102328
11,11,8,0.03399577495030911
11,11,9,-0.10598155870258659
11,11,10,-0.08214303685734091
11,11,11,-0.1691475153099547
