"label","run"
"c",1
"c",1
"b",1
"a",1
"d",1
"b",1
"c",1
"d",1
"d",1
"a",1
"d",1
"d",1
"d",1
"b",1
"a",1
"d",1
"d",1
"c",1
"c",1
"b",1
"a",2
"c",2
"c",2
"c",2
"d",2
"b",2
"a",2
"d",2
"c",2
"b",2
"b",2
"a",2
"b",2
"b",2
"b",2
"b",2
"a",2
"b",2
"b",2
"d",2
"c",3
"d",3
"b",3
"d",3
"d",3
"d",3
"b",3
"b",3
"c",3
"a",3
"c",3
"d",3
"b",3
"a",3
"c",3
"b",3
"d",3
"c",3
"c",3
"a",3
"a",4
"b",4
"d",4
"a",4
"a",4
"a",4
"d",4
"a",4
"a",4
"c",4
"a",4
"c",4
"b",4
"a",4
"b",4
"a",4
"b",4
"a",4
"a",4
"c",4
"b",5
"a",5
"c",5
"a",5
"c",5
"a",5
"d",5
"d",5
"d",5
"d",5
"d",5
"c",5
"c",5
"c",5
"b",5
"d",5
"b",5
"a",5
"c",5
"c",5
